time_h,concentration
0.0,0.0
0.18009004502251125,0.0028155145801208974
0.3601800900450225,0.00495951511004451
0.5402701350675337,0.006590973751281288
0.720360180090045,0.00783123018602437
0.9004502251125562,0.008772900113402942
1.0805402701350675,0.009486674894374061
1.2606303151575786,0.01002651156015283
1.44072036018009,0.010433594223129228
1.6208104052026013,0.010739357728305886
1.8009004502251125,0.010967795535062717
1.9809904952476236,0.011137221268826825
2.161080540270135,0.01126161327187804
2.3411705852926463,0.011351640867238635
2.5212606303151572,0.011415447681673789
2.7013506753376686,0.011459249537646316
2.88144072036018,0.011487790810131503
3.0615307653826913,0.011504692753000869
3.2416208104052027,0.011512719368328053
3.4217108554277136,0.011513980338153741
3.601800900450225,0.01151008591751125
3.7818909454727363,0.01150226516061644
3.961980990495247,0.011491456160127521
4.142071035517759,0.011478374924641778
4.32216108054027,0.011463567951262821
4.502251125562781,0.011447452353000064
4.682341170585293,0.01143034648706543
4.862431215607804,0.011412493332729144
5.0425212606303145,0.01139407833508516
5.222611305652826,0.01137524302477602
5.402701350675337,0.011356095413607275
5.582791395697849,0.011336717929274532
5.76288144072036,0.011317173471753247
5.942971485742871,0.011297510035998022
6.123061530765383,0.011277764240339822
6.3031515757878935,0.01125796401962822
6.483241620810405,0.011238130680843254
6.663331665832916,0.01121828047209538
6.843421710855427,0.011198425780206054
7.023511755877939,0.011178576044792667
7.20360180090045,0.011158738455967952
7.383691845922961,0.011138918486877425
7.563781890945473,0.011119120300172603
7.7438719359679835,0.011099347058262342
7.923961980990494,0.011079601160120345
8.104052026013006,0.011059884422034677
8.284142071035518,0.011040198215569556
8.464232116058028,0.01102054357286829
8.64432216108054,0.011000921267028478
8.824412206103052,0.010981331873450444
9.004502251125562,0.01096177581666302
9.184592296148073,0.0109422534060645
9.364682341170585,0.010922764863202825
9.544772386193095,0.010903310342597856
9.724862431215607,0.010883889947634486
9.904952476238119,0.010864503742693408
10.085042521260629,0.010845151762410235
10.26513256628314,0.01082583401874268
10.445222611305653,0.010806550506364752
10.625312656328164,0.01078730120678396
10.805402701350674,0.010768086091483834
10.985492746373186,0.010748905124322484
11.165582791395698,0.01072975826336334
11.345672836418208,0.010710645462272437
11.52576288144072,0.010691566671384909
11.705852926463232,0.010672521838518953
11.885942971485742,0.010653510909597085
12.066033016508253,0.010634533829120267
12.246123061530765,0.010615590540529754
12.426213106553275,0.01059668098648325
12.606303151575787,0.010577805109065632
12.786393196598299,0.01055896284994976
12.96648324162081,0.010540154150519152
13.14657328664332,0.010521378951961605
13.326663331665833,0.010502637195340583
13.506753376688344,0.010483928821649668
13.686843421710854,0.010465253771854095
13.866933466733366,0.010446611986922375
14.047023511755878,0.010428003407850418
14.227113556778388,0.01040942797567989
14.4072036018009,0.010390885631512178
14.587293646823412,0.010372376316519008
14.767383691845922,0.01035389997195051
14.947473736868433,0.010335456539141313
15.127563781890945,0.01031704595951518
15.307653826913455,0.01029866817458847
15.487743871935967,0.010280323125972775
15.667833916958479,0.010262010755376846
15.847923961980989,0.010243731004608054
16.028014007003502,0.010225483815573444
16.208104052026012,0.010207269130280507
16.388194097048522,0.010189086890837707
16.568284142071036,0.010170937039454868
16.748374187093546,0.010152819518443395
16.928464232116056,0.010134734270216429
17.10855427713857,0.0101166812372889
17.28864432216108,0.010098660362277537
17.46873436718359,0.010080671587900825
17.648824412206103,0.010062714856978933
17.828914457228613,0.010044790112433623
18.009004502251123,0.010026897297288121
18.189094547273637,0.010009036354666993
18.369184592296147,0.009991207227795998
18.549274637318657,0.009973409860001937
18.72936468234117,0.009955644194712489
18.90945472736368,0.00993791017545606
19.08954477238619,0.009920207745861605
19.269634817408704,0.009902536849658463
19.449724862431214,0.009884897430676186
19.629814907453724,0.009867289432844357
19.809904952476238,0.009849712800192431
19.989994997498748,0.009832167476849556
20.170085042521258,0.009814653407044386
20.35017508754377,0.00979717053510492
20.53026513256628,0.009779718805458318
20.710355177588795,0.009762298162630734
20.890445222611305,0.009744908551247131
21.070535267633815,0.009727549916031109
21.25062531265633,0.00971022220180473
21.43071535767884,0.00969292535348835
21.61080540270135,0.009675659316100428
21.790895447723862,0.009658424034757368
21.970985492746372,0.009641219454673335
22.151075537768882,0.009624045521160085
22.331165582791396,0.009606902179626786
22.511255627813906,0.009589789375579858
22.691345672836416,0.009572707054622778
22.87143571785893,0.009555655162455932
23.05152576288144,0.009538633644876417
23.23161580790395,0.009521642447777895
23.411705852926463,0.009504681517150398
23.591795897948973,0.009487750799080168
23.771885942971483,0.009470850239749489
23.951975987993997,0.009453979785436504
24.132066033016507,0.011575116707868555
24.312156078039017,0.01386403243027695
24.49224612306153,0.015602149560938174
24.67233616808404,0.01691987108621922
24.85242621310655,0.0179167304988331
25.032516258129064,0.018668699335757537
25.212606303151574,0.019233764849422984
25.392696348174084,0.019656187312461288
25.572786393196598,0.019969749517920056
25.752876438219108,0.020200237046067
25.93296648324162,0.020367331393491245
26.11305652826413,0.020486054953856074
26.29314657328664,0.02056787393759655
26.473236618309155,0.020621540204488524
26.653326663331665,0.02065373381457581
26.833416708354175,0.020669553472124354
27.01350675337669,0.02067289086991481
27.1935967983992,0.02066671641740394
27.37368684342171,0.02065329733028512
27.553776888444222,0.02063436409310146
27.733866933466732,0.0206112375162287
27.913956978489242,0.02058492571547079
28.094047023511756,0.020556198134295805
28.274137068534266,0.020525642043261058
28.454227113556776,0.02049370566469052
28.63431715857929,0.020460731088722928
28.8144072036018,0.020426979397354224
28.99449724862431,0.02039264984102595
29.174587293646823,0.0203578944756624
29.354677338669333,0.02032282933477548
29.534767383691843,0.020287542956868458
29.714857428714357,0.020252102894201977
29.894947473736867,0.020216560680781297
30.075037518759377,0.020180955624303675
30.25512756378189,0.020145317700462143
30.4352176088044,0.020109669762099235
30.61530765382691,0.020074029225401732
30.795397698849424,0.020038409356933247
30.975487743871934,0.020002820255995736
31.155577788894444,0.019967269604442752
31.335667833916958,0.019931763238994107
31.515757878939468,0.01989630558807009
31.695847923961978,0.019860900005216595
31.87593796898449,0.019825549023600595
32.056028014007005,0.019790254550260414
32.236118059029515,0.019755018014372322
32.416208104052025,0.01971984048041881
32.596298149074535,0.019684722734567228
32.776388194097045,0.019649665350600407
32.956478239119555,0.019614668740239927
33.13656828414207,0.019579733191556564
33.31665832916458,0.01954485889828799
33.49674837418709,0.019510045982216232
33.6768384192096,0.01947529451024773
33.85692846423211,0.019440604507450086
34.03701850925462,0.01940597596700263
34.21710855427714,0.019371408857791348
34.39719859929965,0.01933690313020585
34.57728864432216,0.019302458720563943
34.75737868934467,0.019268075554488777
34.93746873436718,0.019233753549486414
35.1175587793897,0.019199492616913144
35.29764882441221,0.01916529266347703
35.47773886943472,0.019131153592383925
35.65782891445723,0.019097075304212077
35.83791895947974,0.019063057697579672
36.01800900450225,0.01902910066965422
36.198099049524764,0.01899520411654132
36.378189094547274,0.018961367933581254
36.558279139569784,0.018927592015575378
36.738369184592294,0.01889387625695876
36.918459229614804,0.018860220551931907
37.098549274637314,0.018826624794561226
37.27863931965983,0.01879308887885562
37.45872936468234,0.018759612698824868
37.63881940970485,0.01872619614852413
37.81890945472736,0.01869283912208778
37.99899949974987,0.018659541513755224
38.17908954477238,0.018626303217890473
38.3591795897949,0.01859312412899701
38.53926963481741,0.018560004141729106
38.71935967983992,0.018526943150900296
38.89944972486243,0.018493941051489854
39.07953976988494,0.01846099773864759
39.25962981490745,0.018428113107697486
39.439719859929966,0.01839528705414034
39.619809904952476,0.01836251947365576
39.799899949974986,0.018329810262103566
39.979989994997496,0.018297159315524808
40.160080040020006,0.018264566530142443
40.340170085042516,0.018232031802361798
40.52026013006503,0.01819955502877083
40.70035017508754,0.018167136106140243
40.88044022011005,0.01813477493142353
41.06053026513256,0.018102471401756883
41.24062031015507,0.01807022541445908
41.42071035517759,0.01803803686703131
41.6008004002001,0.018005905657156984
41.78089044522261,0.017973831682701464
41.96098049024512,0.01794181484171183
42.14107053526763,0.017909855032416606
42.32116058029014,0.017877952153225476
42.50125062531266,0.01784610610272898
42.68134067033517,0.01781431677969824
42.86143071535768,0.017782584083084627
43.04152076038019,0.01775090791201947
43.2216108054027,0.01771928816581375
43.40170085042521,0.01768772474395778
43.581790895447725,0.017656217546120873
43.761880940470235,0.01762476647215107
43.941970985492745,0.017593371422074785
44.122061030515255,0.01756203229609652
44.302151075537765,0.017530748994598527
44.482241120560275,0.01749952141814051
44.66233116558279,0.01746834946745929
44.8424212106053,0.01743723304346852
45.02251125562781,0.017406172047258344
45.20260130065032,0.017375166380095085
45.38269134567283,0.01734421594342096
45.56278139069534,0.017313320638853723
45.74287143571786,0.01728248036818639
45.92296148074037,0.017251695033386916
46.10305152576288,0.01722096453659787
46.28314157078539,0.01719028878013613
46.4632316158079,0.017159667666492597
46.643321660830416,0.01712910109833185
46.823411705852926,0.017098588978491855
47.00350175087544,0.017068131209983652
47.18359179589795,0.017037727695991052
47.36368184092046,0.01700737833987032
47.54377188594297,0.01697708304514987
47.723861930965484,0.01694684171552997
47.903951975987994,0.016916654254882424
48.084042021010504,0.018295930422374457
48.264132066033014,0.0207453828292201
48.444222111055524,0.022602913847854175
48.624312156078034,0.02400866675894994
48.80440220110055,0.02506960958203041
48.98449224612306,0.025867388443002046
49.16458229114557,0.026464321864203125
49.34467233616808,0.026907976064492967
49.52476238119059,0.027234657177803417
49.7048524262131,0.027472076781119976
49.88494247123562,0.027641386429065967
50.06503251625813,0.027758730566122256
50.24512256128064,0.02783643182786569
50.42521260630315,0.02788389575342344
50.60530265132566,0.027908301331132243
50.78539269634817,0.02791512807573855
50.965482741370685,0.02790855833398293
51.145572786393195,0.027891784354955457
51.325662831415706,0.027867242669648996
51.505752876438216,0.027836792987339265
51.685842921460726,0.02780185474296845
51.86593296648324,0.027763511320539683
52.04602301150575,0.027722589604373467
52.22611305652826,0.027679720698703777
52.40620310155077,0.027635386273512176
52.58629314657328,0.027589953939208874
52.76638319159579,0.027543704247291557
52.94647323661831,0.0274968512993108
53.12656328164082,0.027449558477206704
53.30665332666333,0.02740195044990343
53.48674337168584,0.027354122337659208
53.66683341670835,0.027306146706998338
53.84692346173086,0.027258078909777418
54.02701350675338,0.027209961158368566
54.20710355177589,0.027161825636150376
54.3871935967984,0.027113696871672137
54.56728364182091,0.027065593550797244
54.74737368684342,0.027017529899869358
54.92746373186593,0.026969516741450362
55.107553776888444,0.02692156230014011
55.287643821910955,0.026873672817639513
55.467733866933465,0.026825853022213544
55.647823911955975,0.026778106487021166
55.827913956978485,0.02673043590361998
56.008004002000995,0.02668284329072579
56.18809404702351,0.026635330153553644
56.36818409204602,0.02658789760543913
56.54827413706853,0.02654054646066875
56.72836418209104,0.02649327730533519
56.90845422711355,0.026446090551419277
57.08854427213606,0.02639898647806936
57.26863431715858,0.026351965263108804
57.44872436218109,0.026305027007084775
57.6288144072036,0.026258171751624017
57.80890445222611,0.02621139949344325
57.98899449724862,0.0261647101950429
58.169084542271136,0.026118103792869215
58.349174587293646,0.026071580203544137
58.529264632316156,0.0260251393286203
58.709354677338666,0.025978781058210283
58.889444722361176,0.025932505273756644
59.069534767383686,0.025886311850146084
59.2496248124062,0.02584020065732305
59.42971485742871,0.02579417156152126
59.60980490245122,0.02574822442620355
59.789894947473734,0.025702359112779155
59.969984992496244,0.02565657548115108
60.150075037518754,0.025610873390133793
60.33016508254127,0.025565252697771892
60.51025512756378,0.025519713261583296
60.69034517258629,0.025474254938744702
60.8704352176088,0.02542887758623303
61.05052526263131,0.02538358106093333
61.23061530765382,0.025338365219720993
61.41070535267634,0.025293229919524377
61.59079539769885,0.025248175017372566
61.77088544272136,0.025203200370431656
61.95097548774387,0.025158305836032353
62.13106553276638,0.025113491271690967
62.31115557778889,0.025068756535125282
62.491245622811405,0.025024101484266613
62.671335667833915,0.024979525977268848
62.851425712856425,0.024935029872515273
63.031515757878935,0.0248906130286237
63.211605802901445,0.024846275304450213
63.391695847923955,0.02480201655909197
63.57178589294647,0.024757836651889242
63.75187593796898,0.024713735442426804
63.93196598299149,0.024669712790534978
64.11205602801401,0.024625768556290232
64.29214607303652,0.02458190260001563
64.47223611805903,0.024538114782280976
64.65232616308154,0.024494404963902885
64.83241620810405,0.024450773005944712
65.01250625312656,0.02440721876971638
65.19259629814907,0.02436374211677418
65.37268634317158,0.024320342908920482
65.55277638819409,0.024277021008203406
65.7328664332166,0.02423377627691653
65.91295647823911,0.02419060857759845
66.09304652326163,0.02414751777303248
66.27313656828414,0.0241045037262462
66.45322661330665,0.024061566300511095
66.63331665832916,0.0240187053593421
66.81340670335167,0.023975920766497225
66.99349674837418,0.023933212385977114
67.1735867933967,0.023890580082024646
67.3536768384192,0.023848023719124478
67.53376688344171,0.023805543162002653
67.71385692846422,0.023763138275626157
67.89394697348673,0.023720808925202508
68.07403701850924,0.0236785549761793
68.25412706353177,0.023636376294243817
68.43421710855428,0.023594272745322595
68.61430715357679,0.023552244195580968
68.7943971985993,0.023510290511422685
68.97448724362181,0.02346841155948946
69.15457728864432,0.023426607206660562
69.33466733366683,0.023384877320052386
69.51475737868934,0.02334322176701802
69.69484742371185,0.023301640415146853
69.87493746873436,0.023260133132264132
70.05502751375687,0.02321869978643054
70.2351175587794,0.02317734024594179
70.4152076038019,0.023136054379328197
70.59529764882441,0.023094842055354264
70.77538769384692,0.023053703143018262
70.95547773886943,0.023012637511551824
71.13556778389194,0.022971645030419506
71.31565782891445,0.0229307255693184
71.49574787393696,0.02288987899817771
71.67583791895947,0.022849105187158315
71.85592796398198,0.02280840400665239
72.0360180090045,0.023393775642379933
72.216108054027,0.02601954109047075
72.39619809904953,0.028009183982973952
72.57628814407204,0.029513315448925895
72.75637818909455,0.03064689336157895
72.93646823411706,0.0314976623057753
73.11655827913957,0.03213259560580591
73.29664832416208,0.032602812373201395
73.47673836918459,0.032947330573236386
73.6568284142071,0.033195931651995435
73.83691845922961,0.0333713470385886
74.01700850425212,0.03349092705067668
74.19709854927463,0.033567914730661605
74.37718859429714,0.033612418134779554
74.55727863931966,0.03363215245841329
74.73736868434217,0.03363300648282393
74.91745872936468,0.033619474930569354
75.09754877438719,0.03359498847218856
75.2776388194097,0.03356216561251335
75.45772886443221,0.033523004949543786
75.63781890945472,0.033479031921109084
75.81790895447723,0.03343141081312961
75.99799899949974,0.03338103025287895
76.17808904452225,0.03332856846397256
76.35817908954476,0.03327454307395995
76.53826913456729,0.033219349131283965
76.7183591795898,0.033163288122728125
76.8984492246123,0.033106590121749095
77.07853926963482,0.03304943069377587
77.25862931465733,0.0329919437996254
77.43871935967984,0.03293423164437504
77.61880940470235,0.03287637219477418
77.79889944972486,0.032818424917107014
77.97898949474737,0.032760435156767576
78.15907953976988,0.03270243748108582
78.33916958479239,0.03264445823082773
78.5192596298149,0.03258651746769503
78.69934967483742,0.03252863046080549
78.87943971985993,0.03247080882128822
79.05952976488244,0.03241306136829329
79.23961980990495,0.032355394789996314
79.41970985492746,0.032297814148127435
79.59979989994997,0.032240323263066396
79.77988994497248,0.032182925007776204
79.95997998999499,0.03212562153215578
80.1400700350175,0.03206841443428277
80.32016008004001,0.032011304891119134
80.50025012506252,0.03195429375827537
80.68034017008503,0.03189738164615815
80.86043021510756,0.03184056897809184
81.04052026013007,0.03178385603468119
81.22061030515258,0.03172724298767206
81.40070035017509,0.03167072992579659
81.5807903951976,0.031614316874499865
81.7608804402201,0.031558003810996854
81.94097048524262,0.031501790675764724
82.12106053026513,0.03144567738131465
82.30115057528764,0.031389663818886915
82.48124062031015,0.03133374986356101
82.66133066533266,0.03127793537815596
82.84142071035518,0.031222220216207103
83.02151075537769,0.03116660422423824
83.2016008004002,0.031111087243495622
83.38169084542271,0.031055669111271385
83.56178089044522,0.031000349661913604
83.74187093546773,0.030945128727597034
83.92196098049024,0.030890006138911352
84.10205102551275,0.03083498172530994
84.28214107053526,0.030780055315452352
84.46223111555777,0.030725226737465562
84.64232116058028,0.03067049581914321
84.82241120560279,0.030615862388097617
85.00250125062531,0.03056132627187562
85.18259129564782,0.030506887298046906
85.36268134067033,0.03045254529427125
85.54277138569284,0.030398300088349754
85.72286143071535,0.03034415150826382
85.90295147573786,0.03029009938220474
86.08304152076037,0.03023614353859621
86.26313156578288,0.03018228380611129
86.4432216108054,0.03012852001368533
86.6233116558279,0.03007485199052564
86.80340170085042,0.030021279566118744
86.98349174587294,0.029967802570235832
87.16358179089545,0.029914420832936762
87.34367183591796,0.029861134184572972
87.52376188094047,0.02980794245578962
87.70385192596298,0.02975484547752704
87.88394197098549,0.029701843081021806
88.064032016008,0.029648935097807295
88.24412206103051,0.029596121359714123
88.42421210605302,0.029543401698870257
88.60430215107553,0.029490775947701012
88.78439219609804,0.02943824393892893
88.96448224112055,0.029385805505573553
89.14457228614307,0.029333460480951104
89.32466233116558,0.02928120869867417
89.5047523761881,0.029229049992651274
89.6848424212106,0.029176984197086468
89.86493246623311,0.02912501114647889
90.04502251125562,0.029073130675622297
90.22511255627813,0.02902134261960456
90.40520260130064,0.02896964681380722
90.58529264632315,0.028918043093904947
90.76538269134566,0.028866531295865073
90.94547273636817,0.028815111255947073
91.12556278139068,0.028763782810702028
91.30565282641321,0.02871254579697218
91.48574287143572,0.028661400051890367
91.66583291645823,0.028610345412879518
91.84592296148074,0.028559381717652148
92.02601300650325,0.02850850880420986
92.20610305152576,0.028457726510842808
92.38619309654827,0.028407034676129192
92.56628314157078,0.028356433138934753
92.74637318659329,0.028305921738412253
92.9264632316158,0.02825550031400098
93.10655327663831,0.028205168705426206
93.28664332166083,0.028154926752698733
93.46673336668334,0.02810477429611432
93.64682341170585,0.028054711176253216
93.82691345672836,0.028004737233979657
94.00700350175087,0.027954852310441324
94.18709354677338,0.027905056247068884
94.3671835917959,0.027855348885575452
94.5472736368184,0.0278057300679561
94.72736368184091,0.027756199636487358
94.90745372686342,0.02770675743372671
95.08754377188593,0.027657403302512085
95.26763381690844,0.027608137085961375
95.44772386193097,0.027558958627471916
95.62781390695348,0.027509867770720016
95.80790395197599,0.02746086435966043
95.9879939969985,0.027411948238525885
96.16808404202101,0.03001383527880596
96.34817408704352,0.03214843958329295
96.52826413206603,0.03376127415286718
96.70835417708854,0.03497588351851827
96.88844422211105,0.035886566252074883
97.06853426713356,0.03656529817522547
97.24862431215607,0.03706701668153095
97.42871435717858,0.0374336541346727
97.6088044022011,0.03769721646612055
97.78889444722361,0.03788213299605779
97.96898449224612,0.03800704999622214
98.14907453726863,0.038086199674082236
98.32916458229114,0.03813044508614258
98.50925462731365,0.038148077695602245
98.68934467233616,0.038145426129288104
98.86943471735867,0.03812732082745119
99.04952476238118,0.03809744869998734
99.22961480740369,0.03805862382715802
99.4097048524262,0.03801299407906018
99.58979489744873,0.03796219882338976
99.76988494247124,0.03790748930005455
99.94997498749375,0.0378498205002744
100.13006503251626,0.03778992129572925
100.31015507753877,0.03772834796648227
100.49024512256128,0.037665525057579696
100.67033516758379,0.03760177656392895
100.8504252126063,0.037537349732979716
101.0305152576288,0.037472433232748376
101.21060530265132,0.037407171019042035
101.39069534767383,0.037341672919983054
101.57078539269634,0.03727602271492664
101.75087543771886,0.037210284300907774
101.93096548274137,0.03714450639934444
102.11105552776388,0.03707872614855285
102.29114557278639,0.03701297184582944
102.4712356178089,0.03694726504041714
102.65132566283141,0.03688162213101696
102.83141570785392,0.03681605558513069
103.01150575287643,0.03675057486975631
103.19159579789894,0.036685187161765595
103.37168584292145,0.03661989789011846
103.55177588794396,0.0365547111497222
103.73186593296649,0.03648963001732032
103.911955977989,0.0364246567926029
104.0920460230115,0.036359793182240197
104.27213606803402,0.03629504044035115
104.45222611305653,0.036230399475719335
104.63231615807904,0.036165870933628386
104.81240620310155,0.03610145525832477
104.99249624812406,0.03603715274069403
105.17258629314657,0.03597296355465085
105.35267633816908,0.035908887784914446
105.53276638319159,0.03584492544820884
105.7128564282141,0.03578107650944429
105.89294647323662,0.035717340894068084
106.07303651825913,0.03565371849749148
106.25312656328164,0.03559020919228484
106.43321660830415,0.0355268128336694
106.61330665332666,0.035463529263708896
106.79339669834917,0.03540035831450871
106.97348674337168,0.035337299810657585
107.15357678839419,0.0352743535710912
107.3336668334167,0.035211519410514376
107.51375687843921,0.03514879714048657
107.69384692346172,0.03508618657025014
107.87393696848423,0.035023687507362455
108.05402701350675,0.034961299758178244
108.23411705852926,0.034899023128217556
108.41420710355177,0.03483685742244647
108.59429714857428,0.03477480244549128
108.7743871935968,0.034712858001801725
108.9544772386193,0.034651023895775505
109.13456728364181,0.03458929993185317
109.31465732866432,0.03452768591459032
109.49474737368683,0.03446618164871273
109.67483741870934,0.034404786939158064
109.85492746373185,0.034343501591107745
110.03501750875438,0.03428232541001107
110.21510755377689,0.03422125820160346
110.3951975987994,0.034160299771920255
110.57528764382191,0.03409944992730708
110.75537768884442,0.03403870847442768
110.93546773386693,0.03397807522026964
111.11555777888944,0.03391754997214874
111.29564782391195,0.03385713253771202
111.47573786893446,0.03379682272494004
111.65582791395697,0.03373662034214847
111.83591795897948,0.03367652519798906
112.01600800400199,0.033616537101450406
112.19609804902451,0.03355665586185822
112.37618809404702,0.03349688128887554
112.55627813906953,0.03343721319250261
112.73636818409204,0.03337765138307677
112.91645822911455,0.03331819567127213
113.09654827413706,0.033258845868099275
113.27663831915957,0.0331996017849048
113.45672836418208,0.0331404632333709
113.6368184092046,0.03308143002551486
113.8169084542271,0.03302250197368854
113.99699849924961,0.03296367889057786
114.17708854427212,0.032904960589202226
114.35717858929465,0.032846346882914004
114.53726863431716,0.032787837585397966
114.71735867933967,0.03272943251067066
114.89744872436218,0.032671131473079894
115.07753876938469,0.032612934287304135
115.2576288144072,0.03255484076835192
115.43771885942971,0.03249685073156131
115.61780890445222,0.03243896399259927
115.79789894947473,0.03238118036746111
115.97798899449724,0.032323499672469905
116.15807903951975,0.03226592172427588
116.33816908454227,0.03220844633985588
116.51825912956478,0.03215107333651276
116.69834917458729,0.03209380253187481
116.8784392196098,0.032036633743895176
117.05852926463231,0.031979566790851274
117.23861930965482,0.03192260149134424
117.41870935467733,0.03186573766429831
117.59879939969984,0.03180897512896029
117.77888944472235,0.031752313704898956
117.95897948974486,0.03169575321200449
118.13906953476737,0.03163929347048789
118.31915957978988,0.031582934300880425
118.4992496248124,0.03152667552403304
118.67933966983492,0.03147051696111583
118.85942971485743,0.0314144584336174
119.03951975987994,0.03135849976334436
119.21960980490245,0.031302640772420724
119.39969984992496,0.03124688128328737
119.57978989494747,0.031191221118701457
119.75987993996998,0.031135660101735865
119.93996998499249,0.031080198055778635
120.120060030015,0.03298559857073275
120.30015007503751,0.03527834493159034
120.48024012006002,0.03701035077800527
120.66033016508254,0.03831438867842753
120.84042021010505,0.03929180074296742
121.02051025512756,0.040019938954949465
121.20060030015007,0.040557844200346346
121.38069034517258,0.04095058093688419
121.56078039019509,0.041232545744644
121.7408704352176,0.041429992664632403
121.92096048024011,0.041562960730098006
122.10105052526262,0.041646745205682914
122.28114057028513,0.041693020549535977
122.46123061530764,0.04171069754378452
122.64132066033017,0.04170657752198946
122.82141070535268,0.04168585172551747
123.00150075037519,0.04165248245047174
123.1815907953977,0.041609493968146484
123.3616808404202,0.04155919457774203
123.54177088544272,0.041503346093960225
123.72186093046523,0.041443293212884875
123.90195097548774,0.0413800622539041
124.08204102051025,0.04131443652708869
124.26213106553276,0.041247013859332556
124.44222111055527,0.04117825050269763
124.62231115557778,0.04110849464861686
124.8024012006003,0.0410380120084939
124.98249124562281,0.04096700533877097
125.16258129064532,0.04089562934395198
125.34267133566783,0.04082400205172805
125.52276138069034,0.040752213495342235
125.70285142571285,0.04068033234063331
125.88294147073536,0.04060841094430169
126.06303151575787,0.0405364892147642
126.24312156078038,0.04046459755905331
126.42321160580289,0.04039275913211544
126.6033016508254,0.04032099155364719
126.78339169584791,0.040249308218515696
126.96348174087044,0.04017771929697139
127.14357178589295,0.04010623249808659
127.32366183091546,0.04003485365247007
127.50375187593797,0.03996358715703903
127.68384192096048,0.03989243631450297
127.86393196598299,0.03982140359248356
128.0440220110055,0.03975049082129447
128.22411205602802,0.039679699344901904
128.40420210105052,0.03960903013614914
128.58429214607304,0.039538483884704316
128.76438219109554,0.03946806106418903
128.94447223611806,0.03939776198341553
129.12456228114056,0.03932758682549496
129.30465232616308,0.03925753567768738
129.48474237118558,0.039187608554185564
129.6648324162081,0.03911780541350508
129.8449224612306,0.03904812617175763
130.02501250625312,0.038978570712782004
130.20510255127564,0.03890913889587678
130.38519259629814,0.03883983056170223
130.56528264132066,0.038770645536784956
130.74537268634316,0.03870158363695609
130.92546273136568,0.03863264466997529
131.10555277638818,0.038563828437533566
131.2856428214107,0.038495134736781664
131.4657328664332,0.03842656336149664
131.64582291145572,0.038358114102971984
131.82591295647822,0.03828978675069695
132.00600300150074,0.03822158109287485
132.18609304652327,0.038153496916818574
132.36618309154576,0.038085534009252256
132.5462731365683,0.03801769215654131
132.72636318159078,0.037949971144868054
132.9064532266133,0.037882370760365325
133.0865432716358,0.037814890789218535
133.26663331665833,0.037747531017743266
133.44672336168082,0.03768029123244444
133.62681340670335,0.03761317122006118
133.80690345172584,0.037546170767601056
133.98699349674837,0.03747928966236595
134.1670835417709,0.03741252769197168
134.3471735867934,0.03734588464436284
134.5272636318159,0.03727936030782387
134.7073536768384,0.03721295447098751
134.88744372186093,0.03714666692284095
135.06753376688343,0.03708049745273045
135.24762381190595,0.03701444585036462
135.42771385692845,0.03694851190581691
135.60780390195097,0.03688269540952721
135.78789394697347,0.036816996152303
135.967983991996,0.036751413925320005
136.1480740370185,0.03668594852012267
136.328164082041,0.036620599728624144
136.50825412706354,0.03655536734310635
136.68834417208603,0.03649025115621973
136.86843421710856,0.03642525096098296
137.04852426213105,0.036360366550782536
137.22861430715358,0.03629559771937234
137.40870435217607,0.036230944260873144
137.5887943971986,0.03616640596977205
137.7688844422211,0.03610198264092199
137.94897448724362,0.03603767406954106
138.1290645322661,0.035973480051211995
138.30915457728864,0.03590940038188149
138.48924462231116,0.03584543485785967
138.66933466733366,0.035781583275819394
138.84942471235618,0.035717845432795624
139.02951475737868,0.03565422112618489
139.2096048024012,0.0355907101537445
139.3896948474237,0.03552731231359207
139.56978489244622,0.03546402740420474
139.74987493746872,0.03540085522441868
139.92996498249124,0.03533779557342831
140.11005502751374,0.03527484825078581
140.29014507253626,0.03521201305640034
140.4702351175588,0.035149289790537525
140.65032516258128,0.03508667825381877
140.8304152076038,0.0350241782472206
141.0105052526263,0.0349617895720741
141.19059529764883,0.03489951203006421
141.37068534267132,0.03483734542322915
141.55077538769385,0.03477528955395974
141.73086543271634,0.034713344224998846
141.91095547773887,0.03465150923944066
142.09104552276136,0.03458978440073016
142.2711355677839,0.03452816951266242
142.45122561280638,0.03446666437938204
142.6313156578289,0.03440526880538247
142.81140570285143,0.034343982595505446
142.99149574787393,0.034282805554940315
143.17158579289645,0.03422173748922345
143.35167583791895,0.03416077820423763
143.53176588294147,0.034099927506211394
143.71185592796397,0.03403918520171848
143.8919459729865,0.03397855109767715
144.072036018009,0.03513687891402102
144.2521260630315,0.037601436532207176
144.432216108054,0.039463368663244076
144.61230615307653,0.04086536519844183
144.79239619809906,0.04191633790248672
144.97248624312155,0.042699416493505386
145.15257628814408,0.043278051862217566
145.33266633316657,0.04370067451503873
145.5127563781891,0.04400425025373203
145.6928464232116,0.044216994141748206
145.87293646823412,0.04436044201066623
146.0530265132566,0.04445103159215774
146.23311655827914,0.044501309358690684
146.41320660330163,0.044520851676548706
146.59329664832416,0.04451696790018562
146.77338669334668,0.04449523702754836
146.95347673836918,0.04445991731641622
147.1335667833917,0.04441425893488282
147.3136568284142,0.04436074260008831
147.49374687343672,0.04430126172552983
147.67383691845922,0.044237261449803826
147.85392696348174,0.04416984475396264
148.03401700850424,0.04409985345838772
148.21410705352676,0.04402793004579057
148.39419709854926,0.04395456484924991
148.57428714357178,0.043880132069726144
148.75437718859428,0.043804917267379895
148.9344672336168,0.043729138345046104
149.11455727863932,0.043652961564424435
149.29464732366182,0.043576513770859054
149.47473736868434,0.043499891724224235
149.65482741370684,0.043423169220969025
149.83491745872936,0.04334640253020546
150.01500750375186,0.04326963454294631
150.19509754877438,0.043192897939120026
150.37518759379688,0.043116217604878444
150.5552776388194,0.04303961247767027
150.7353676838419,0.04296309695454224
150.91545772886442,0.04288668196706166
151.09554777388695,0.04281037580177949
151.27563781890944,0.04273418472647003
151.45572786393197,0.0426581134681249
151.63581790895446,0.042582165577794304
151.815907953977,0.04250634370906148
151.99599799899948,0.04243064983059572
152.176088044022,0.04235508538838859
152.3561780890445,0.04227965142958519
152.53626813406703,0.042204348697001064
152.71635817908953,0.042129177701264856
152.89644822411205,0.04205413877588275
153.07653826913457,0.04197923211926773
153.25662831415707,0.04190445782681939
153.4367183591796,0.04182981591540936
153.6168084042021,0.0417553063420705
153.7968984492246,0.041680929018261544
153.9769884942471,0.041606683820754914
154.15707853926963,0.04153257059994689
154.33716858429213,0.041458589186200434
154.51725862931465,0.04138473939468629
154.69734867433715,0.04131102102907795
154.87743871935967,0.041237433884371746
155.05752876438217,0.041163977749039196
155.2376188094047,0.041090652406669585
155.41770885442722,0.0410174576372237
155.5977988994497,0.040944393217990406
155.77788894447224,0.04087145892431675
155.95797898949473,0.04079865453016499
156.13806903451726,0.04072597980853761
156.31815907953975,0.04065343453180155
156.49824912456228,0.04058101847193546
156.67833916958477,0.0405087314007184
156.8584292146073,0.04043657308987347
157.0385192596298,0.0403645433111775
157.21860930465232,0.0402926418365444
157.39869934967484,0.04022086843808878
157.57878939469734,0.040149222888174234
157.75887943971986,0.040077704959450004
157.93896948474236,0.04000631442487894
158.11905952976488,0.03993505105775845
158.29914957478738,0.03986391463173656
158.4792396198099,0.03979290492082378
158.6593296648324,0.0397220216994022
158.83941970985492,0.039651264742232066
159.01950975487742,0.03958063382445679
159.19959979989994,0.0395101287216065
159.37968984492247,0.039439749209600666
159.55977988994496,0.03936949506474986
159.7398699349675,0.039299366063756974
159.91995997998998,0.03922936198371798
160.1000500250125,0.039159482602122306
160.280140070035,0.039089727696853066
160.46023011505753,0.0390200970461869
160.64032016008002,0.03895059042879384
160.82041020510255,0.038881207623736945
161.00050025012504,0.03881194841047192
161.18059029514757,0.0387428125688466
161.36068034017006,0.03867379987910047
161.5407703851926,0.03860491012186401
161.7208604302151,0.03853614307815819
161.9009504752376,0.03846749852939381
162.08104052026013,0.03839897625737085
162.26113056528263,0.03833057604427782
162.44122061030515,0.03826229767269112
162.62131065532765,0.03819414092557438
162.80140070035017,0.03812610558627775
162.98149074537267,0.038058191438537274
163.1615807903952,0.037990398266474164
163.3416708354177,0.037922725854594184
163.5217608804402,0.037855173987786914
163.70185092546274,0.037787742451325095
163.88194097048523,0.037720431030863984
164.06203101550776,0.03765323951244058
164.24212106053025,0.03758616768247307
164.42221110555278,0.037519215327760036
164.60230115057527,0.037452382235479885
164.7823911955978,0.03738566819319006
164.9624812406203,0.037319072988826495
165.14257128564282,0.03725259641070281
165.3226613306653,0.037186238247509745
165.50275137568784,0.03711999828831441
165.68284142071036,0.03705387632255967
165.86293146573286,0.03698787214006348
166.04302151075538,0.03692198553101813
166.22311155577788,0.03685621628598971
166.4032016008004,0.0367905641959173
166.5832916458229,0.03672502905211246
166.76338169084542,0.036659610646258424
166.94347173586792,0.03659430877040954
167.12356178089044,0.03652912321699054
167.30365182591294,0.03646405377879595
167.48374187093546,0.03639910024898934
167.66383191595799,0.03633426242110276
167.84392196098048,0.036269540089036045
168.024012006003,0.036626038389522386
168.2041020510255,0.039276706215636024
168.38419209604803,0.041279732412772455
168.56428214107052,0.042788464964777215
168.74437218609305,0.04391995070372613
168.92446223111554,0.044763528649604076
169.10455227613807,0.04538738910362599
169.28464232116056,0.04584358004932933
169.46473236618309,0.04617182842034576
169.64482241120558,0.04640245678388327
169.8249124562281,0.04655860957637594
170.00500250125063,0.046657952336601166
170.18509254627313,0.046713968690205145
170.36518259129565,0.04673695030737374
170.54527263631815,0.046734752514152836
170.72536268134067,0.04671337103273185
170.90545272636317,0.046677382193687014
171.0855427713857,0.04663027893959459
171.26563281640819,0.0465747272886569
171.4457228614307,0.0465127620873335
171.6258129064532,0.04644593642370347
171.80590295147573,0.04637543567115746
171.98599299649825,0.04630216453525546
172.16608304152075,0.046226813494538284
172.34617308654327,0.04614990951323033
172.52626313156577,0.046071854749048305
172.7063531765883,0.045992956097957546
172.8864432216108,0.04591344774498708
173.06653326663331,0.04583350837673397
173.2466233116558,0.045753274319261614
173.42671335667833,0.045672849565946944
173.60680340170083,0.04559231343149952
173.78689344672335,0.04551172639409314
173.96698349174588,0.04543113455452711
174.14707353676837,0.04535057303979831
174.3271635817909,0.045270068600967356
174.5072536268134,0.04518964159604835
174.68734367183592,0.045109307503501464
174.86743371685841,0.045029078077446105
175.04752376188094,0.04494896222940751
175.22761380690343,0.04486896670133302
175.40770385192596,0.04478909657928923
175.58779389694845,0.044709355685554814
175.76788394197098,0.044629746877895386
175.94797398699347,0.044550272277992985
176.128064032016,0.04447093344580039
176.30815407703852,0.04439173151262177
176.48824412206102,0.04431266728268965
176.66833416708354,0.04423374131069603
176.84842421210604,0.044154953960969946
177.02851425712856,0.044076305452646035
177.20860430215106,0.04399779589414051
177.38869434717358,0.04391942530946562
177.56878439219608,0.04384119365831471
177.7488744372186,0.04376310085139246
177.9289644822411,0.04368514676211594
178.10905452726362,0.0436073312355455
178.28914457228615,0.0435296540952014
178.46923461730864,0.043452115148266565
178.64932466233117,0.04337471418955749
178.82941470735366,0.043297451004555065
179.0095047523762,0.04322032537171762
179.18959479739868,0.043143337064246376
179.3696848424212,0.04306648585143261
179.5497748874437,0.042989771499685914
179.72986493246623,0.04291319377331874
179.90995497748872,0.0428367524351451
180.09004502251125,0.04276044724693729
180.27013506753377,0.042684277969774406
180.45022511255627,0.04260824436430813
180.6303151575788,0.04253234619096538
180.8104052026013,0.04245658321010286
180.9904952476238,0.04238095518212486
181.1705852926463,0.04230546186757293
181.35067533766883,0.042230103027194155
181.53076538269133,0.042154878421993155
181.71085542771385,0.04207978781327151
181.89094547273635,0.042004830962657766
182.07103551775887,0.04193000763213
182.25112556278137,0.041855317584033096
182.4312156078039,0.041780760581091536
182.61130565282642,0.04170633638641913
182.7913956978489,0.041632044763526214
182.97148574287144,0.041557885476324885
183.15157578789393,0.041483858289133035
183.33166583291646,0.04140996296667698
183.51175587793895,0.04133619927409356
183.69184592296148,0.04126256697693132
183.87193596798397,0.041189065841151444
184.0520260130065,0.04111569563312815
184.232116058029,0.041042456119648886
184.41220610305152,0.04096934706791427
184.59229614807404,0.04089636824553791
184.77238619309654,0.04082351942054609
184.95247623811906,0.04075080036137723
185.13256628314156,0.04067821083688158
185.31265632816408,0.04060575061632046
185.49274637318658,0.04053341946936584
185.6728364182091,0.04046121716609956
185.8529264632316,0.04038914347701285
186.03301650825412,0.04031719817300546
186.21310655327662,0.04024538102538519
186.39319659829914,0.04017369180586702
186.57328664332167,0.04010213028657252
186.75337668834416,0.04003069624002913
186.93346673336669,0.03995938943916938
187.11355677838918,0.03988820965733031
187.2936468234117,0.039817156668252605
187.4737368684342,0.03974623024608005
187.65382691345673,0.039675430165358655
187.83391695847922,0.03960475620103608
188.01400700350175,0.039534208128460806
188.19409704852424,0.039463785723381536
188.37418709354677,0.039393488761946364
188.55427713856926,0.039323317020702186
188.7343671835918,0.03925327027659387
188.9144572286143,0.03918334830696369
189.0945472736368,0.039113550889550486
189.27463731865933,0.03904387780248899
189.45472736368183,0.038974328824309214
189.63481740870435,0.0389049037339356
189.81490745372685,0.038835602310686446
189.99499749874937,0.03876642433427311
190.17508754377187,0.038697369584799385
190.3551775887944,0.038628437842760745
190.5352676338169,0.03855962888904367
190.7153576788394,0.038490942504924956
190.89544772386193,0.038422378472070993
191.07553776888443,0.03835393657253712
191.25562781390695,0.03828561658876688
191.43571785892945,0.038217418303591336
191.61580790395197,0.03814934150022842
191.79589794897447,0.03808138596228222
191.975987993997,0.03801355147374226
192.1560780390195,0.040428734878998444
192.33616808404201,0.04258454897974579
192.5162581290645,0.04420914298684306
192.69634817408703,0.045428306444563776
192.87643821910956,0.04633805147632362
193.05652826413206,0.04701166180325663
193.23661830915458,0.04750507309369107
193.41670835417708,0.04786097965689202
193.5967983991996,0.048111968985451684
193.7768884442221,0.04828291427749906
193.95697848924462,0.04839280059242405
194.13706853426712,0.04845611871243192
194.31715857928964,0.048483929044163696
194.49724862431214,0.048484673669687645
194.67733866933466,0.048464796165851295
194.85742871435716,0.048429214697760875
195.03751875937968,0.048381683119865806
195.2176088044022,0.04832506659589207
195.3976988494247,0.04826155197303065
195.57778889444722,0.048192808355589124
195.75787893946972,0.04812010966706934
195.93796898449224,0.04804442819890754
196.11805902951474,0.04796650601401947
196.29814907453726,0.047886909447440215
196.47823911955976,0.04780607070537618
196.65832916458228,0.04772431961677895
196.83841920960478,0.047641907868572066
197.0185092546273,0.04755902750382718
197.19859929964983,0.047475825040985145
197.37868934467232,0.047392412250723936
197.55877938969485,0.04730887438168724
197.73886943471734,0.04722527643898888
197.91895947973987,0.04714166797644657
198.09904952476236,0.04705808675438095
198.2791395697849,0.04697456153152674
198.45922961480738,0.046891114196032584
198.6393196598299,0.046807761392002614
198.8194097048524,0.046724515760997225
198.99949974987493,0.04664138688964082
199.17958979489745,0.046558382032908505
199.35967983991995,0.046475506666193454
199.53976988494247,0.04639276490668655
199.71985992996497,0.04631015983500561
199.8999499749875,0.046227693740686915
200.08004002001,0.04614536830956309
200.2601300650325,0.046063184766783914
200.440220110055,0.04598114398598055
200.62031015507753,0.045899246572587885
200.80040020010003,0.045817492927442235
200.98049024512255,0.04573588329532382
201.16058029014505,0.04565441780200789
201.34067033516757,0.04557309648254477
201.5207603801901,0.045491919302845164
201.7008504252126,0.045410886176155546
201.88094047023512,0.04532999697563314
202.0610305152576,0.045249251543944075
202.24112056028014,0.04516864970058905
202.42121060530263,0.04508819124749485
202.60130065032516,0.045007875973281826
202.78139069534765,0.044927703656521156
202.96148074037018,0.04484767406822066
203.14157078539267,0.04476778697372218
203.3216608304152,0.0446880421341494
203.50175087543772,0.04460843930751291
203.68184092046022,0.044528978249553416
203.86193096548274,0.044449658714385144
204.04202101050524,0.044370480454986774
204.22211105552776,0.044291443223575894
204.40220110055026,0.04421254677189485
204.58229114557278,0.04413379085142837
204.76238119059528,0.04405517521356987
204.9424712356178,0.0439766996097479
205.1225612806403,0.04389836379152266
205.30265132566282,0.04382016751065941
205.48274137068535,0.04374211051918431
205.66283141570784,0.04366419256942688
205.84292146073037,0.04358641341405217
206.02301150575286,0.04350877280608529
206.2031015507754,0.043431270498929656
206.38319159579788,0.04335390624638106
206.5632816408204,0.04327667980263797
206.7433716858429,0.04319959092230937
206.92346173086543,0.04312263936042044
207.10355177588792,0.043045824872416864
207.28364182091045,0.0429691472141677
207.46373186593297,0.04289260614196765
207.64382191095547,0.04281620141253843
207.823911955978,0.04273993278302968
208.0040020010005,0.04266380001101952
208.184092046023,0.04258780285451473
208.3641820910455,0.042511941071950755
208.54427213606803,0.042436214422191504
208.72436218109053,0.04236062266452904
208.90445222611305,0.04228516555868308
209.08454227113555,0.04220984286480059
209.26463231615807,0.04213465434345512
209.44472236118057,0.042059599755646285
209.6248124062031,0.041984678862799
209.80490245122562,0.04190989142676295
209.9849924962481,0.04183523720981179
210.16508254127064,0.041760715974642454
210.34517258629313,0.041686327484374536
210.52526263131566,0.04161207150254938
210.70535267633815,0.04153794779312958
210.88544272136068,0.041463956120498045
211.06553276638317,0.0413900962494574
211.2456228114057,0.04131636794522914
211.4257128564282,0.04124277097345302
211.60580290145072,0.04116930510018617
211.78589294647324,0.041095970091902474
211.96598299149574,0.041022765715491794
212.14607303651826,0.04094969173825918
212.32616308154076,0.04087674792792422
212.50625312656328,0.040803934052620214
212.68634317158578,0.040731249880893536
212.8664332166083,0.04065869518170279
213.0465232616308,0.04058626972441819
213.22661330665332,0.04051397327882072
213.40670335167582,0.04044180561510149
213.58679339669834,0.04036976650386093
213.76688344172086,0.040297855716108125
213.94697348674336,0.0402260730232601
214.12706353176588,0.040154418197140954
214.30715357678838,0.04008289100998134
214.4872436218109,0.04001149123441755
214.6673336668334,0.03994021864349098
214.84742371185592,0.03986907301064719
215.02751375687842,0.0397980541097354
215.20760380190094,0.03972716171500762
215.38769384692344,0.039656395601118
215.56778389194596,0.0395857555431221
215.74787393696846,0.039515241316476185
215.92796398199098,0.03944485269703647
216.1080540270135,0.04115489363479308
216.288144072036,0.04347581987065562
216.46823411705853,0.045225839753953785
216.64832416208102,0.04654013857264796
216.82841420710355,0.04752189999760627
217.00850425212604,0.04824988162093597
217.18859429714857,0.04878419718556241
217.36868434217106,0.04917073002456632
217.5487743871936,0.049444501735245436
217.72886443221608,0.049632243408501885
217.9089544772386,0.04975435818753644
218.08904452226113,0.049826419242570016
218.26913456728363,0.0498603131395867
218.44922461230615,0.04986511254670412
218.62931465732865,0.049847742350344226
218.80940470235117,0.04981348808598143
218.98949474737367,0.04976638401133047
219.1695847923962,0.0497095093134491
219.3496748374187,0.0496452141966273
219.5297648824412,0.04957529244993544
219.7098549274637,0.049501113163960164
219.88994497248623,0.04942372126707903
220.07003501750876,0.049343914262425646
220.25012506253125,0.04926230079940336
220.43021510755378,0.049179345379938774
220.61030515257627,0.04909540248170953
220.7903951975988,0.04901074260359828
220.9704852426213,0.04892557214557274
221.15057528764382,0.048840048582528536
221.3306653326663,0.0487542920461251
221.51075537768884,0.04866839416492738
221.69084542271133,0.04858242481187715
221.87093546773386,0.04849643725447824
222.05102551275635,0.04841047208581136
222.23111555777888,0.04832456022498448
222.4112056028014,0.04823872520730574
222.5912956478239,0.04815298493231808
222.77138569284642,0.04806735299803262
222.95147573786892,0.04798183971931731
223.13156578289144,0.04789645290520869
223.31165582791394,0.04781119845221554
223.49174587293646,0.04772608079717315
223.67183591795896,0.04764110326289629
223.85192596298148,0.04755626832200754
224.03201600800398,0.047471577798311314
224.2121060530265,0.04738703302049736
224.39219609804903,0.04730263493945912
224.57228614307152,0.04721838421783967
224.75237618809405,0.04713428129837983
224.93246623311654,0.047050326456086616
225.11255627813907,0.04696651983805177
225.29264632316156,0.04688286149384436
225.4727363681841,0.04679935139870819
225.65282641320658,0.04671598947126806
225.8329164582291,0.046632775587043915
226.0130065032516,0.046549709588766065
226.19309654827413,0.046466791294247994
226.37318659329665,0.04638402050239556
226.55327663831915,0.046301396997793405
226.73336668334167,0.04621892055420531
226.91345672836417,0.04613659093724601
227.0935467733867,0.04605440790642005
227.2736368184092,0.045972371216678014
227.4537268634317,0.04589048061960404
227.6338169084542,0.04580873586432209
227.81390695347673,0.04572713669818741
227.99399699849923,0.04564568286731428
228.17408704352175,0.045564374116978376
228.35417708854425,0.045483210191923966
228.53426713356677,0.045402190836597967
228.7143571785893,0.045321315795328596
228.8944472236118,0.045240584812461376
229.07453726863432,0.0451599976324628
229.2546273136568,0.045079553999999356
229.43471735867934,0.04499925365999753
229.61480740370183,0.04491909635768948
229.79489744872436,0.044839081838647654
229.97498749374685,0.04475920984881114
230.15507753876938,0.04467948013450541
230.33516758379187,0.04459989244245736
230.5152576288144,0.04452044651980653
230.69534767383692,0.044441142114113444
230.87543771885942,0.044361978973365926
231.05552776388194,0.044282956845983476
231.23561780890444,0.04420407548082076
231.41570785392696,0.044125334627169756
231.59579789894946,0.04404673403476146
231.77588794397198,0.043968273453766825
231.95597798899448,0.043889952634797426
232.136068034017,0.04381177132890563
232.3161580790395,0.04373372928758475
232.49624812406202,0.0436558262627687
232.67633816908454,0.043578062006831834
232.85642821410704,0.043500436272588455
233.03651825912956,0.04342294881329224
233.21660830415206,0.04334559938263579
233.39669834917459,0.043268387734749905
233.57678839419708,0.04319131362420299
233.7568784392196,0.043114376806000304
233.9369684842421,0.04303757703558333
234.11705852926463,0.04296091406882897
234.29714857428712,0.042884387662048905
234.47723861930965,0.04280799757198872
234.65732866433214,0.04273174355582731
234.83741870935467,0.042655625371175995
235.0175087543772,0.04257964277607785
235.19759879939969,0.04250379552900692
235.3776888444222,0.04242808338886739
235.5577788894447,0.042352506114992985
235.73786893446723,0.04227706346714602
235.91795897948973,0.04220175520551683
236.09804902451225,0.042126581090722835
236.27813906953475,0.0420515408838079
236.45822911455727,0.04197663434624152
236.63831915957977,0.0419018612399181
236.8184092046023,0.041827221327156175
236.9984992496248,0.04175271437069764
237.1785892946473,0.04167834013370707
237.35867933966983,0.041604098379770825
237.53876938469233,0.04152998887289648
237.71885942971485,0.04145601137751194
237.89894947473735,0.04138216565846474
238.07903951975987,0.04130845148102126
238.25912956478237,0.04123486861086608
238.4392196098049,0.0411614168141011
238.6193096548274,0.041088095857244926
238.79939969984991,0.041014905507232004
238.97948974487244,0.040941845531411974
239.15957978989493,0.04086891569754891
239.33966983491746,0.04079611577382051
239.51975987993995,0.040723445528817494
239.69984992496248,0.04065090473154273
239.87993996998497,0.0405784931514106
240.0600300150075,0.04153102002322184
240.24012006003,0.04403011141969049
240.42021010505252,0.045915644594432606
240.60030015007501,0.047332902387546394
240.78039019509754,0.04839277569156888
240.96048024012003,0.049179904837459106
241.14057028514256,0.049758893722332345
241.32066033016508,0.0501790529064636
241.50075037518758,0.05047801990726339
241.6808404202101,0.050684522484206754
241.8609304652326,0.050820487788987345
242.04102051025512,0.050902652230040826
242.22111055527762,0.05094379024413169
242.40120060030014,0.05095365218869855
242.58129064532264,0.05093968021294054
242.76138069034516,0.0509075546653183
242.94147073536766,0.05086161115350042
243.12156078039018,0.05080515887637499
243.3016508254127,0.05074072359935926
243.4817408704352,0.0506702331117173
243.66183091545773,0.0505951587817524
243.84192096048022,0.05051662360254378
244.02201100550275,0.050435484660706346
244.20210105052524,0.05035239608284821
244.38219109554777,0.05026785708111544
244.56228114057026,0.05018224862522204
244.7423711855928,0.05009586143334448
244.92246123061528,0.0500089173369105
245.1025512756378,0.04992158558783789
245.28264132066033,0.04983399530546467
245.46273136568283,0.04974624497699684
245.64282141070535,0.0496584097089756
245.82291145572785,0.049570546762151065
246.00300150075037,0.049482699776120305
246.18309154577287,0.04939490199389376
246.3631815907954,0.049307178723130354
246.5432716358179,0.04921954921474007
246.7233616808404,0.04913202809677654
246.9034517258629,0.049044626468893494
247.08354177088543,0.04895735273771697
247.26363181590793,0.04887021325446534
247.44372186093045,0.04878321280162913
247.62381190595298,0.04869635496444223
247.80390195097547,0.04860964241441678
247.983991995998,0.048523077125758485
248.1640820410205,0.04843666054055116
248.34417208604302,0.04835039369483782
248.5242621310655,0.04826427731485547
248.70435217608804,0.048178311890488316
248.88444222111053,0.048092497731333006
249.06453226613306,0.048006835009491364
249.24462231115555,0.047921323792233135
249.42471235617808,0.047835964066926334
249.6048024012006,0.04775075576006586
249.7848924462231,0.04766569875179735
249.96498249124562,0.04758079288700266
250.14507253626812,0.047496037983761084
250.32516258129064,0.0474114338398072
250.50525262631314,0.04732698023745999
250.68534267133566,0.04724267694738471
250.86543271635816,0.047158523731464314
251.04552276138068,0.04707452034499063
251.22561280640318,0.04699066653833687
251.4057028514257,0.046906962058233886
251.58579289644823,0.0468234066487442
251.76588294147072,0.04674000005200518
251.94597298649325,0.046656742008796104
252.12606303151574,0.04657363225897085
252.30615307653827,0.046490670541787876
252.48624312156076,0.04640785659616198
252.66633316658329,0.046325190160856115
252.84642321160578,0.04624267097462784
253.0265132566283,0.04616029877634063
253.2066033016508,0.04607807330504886
253.38669334667333,0.04599599430006233
253.56678339169582,0.04591406150099546
253.74687343671835,0.04583227464780444
253.92696348174087,0.04575063348081567
254.10705352676337,0.045669137740746976
254.2871435717859,0.04558778716872383
254.4672336168084,0.04550658150629145
254.6473236618309,0.04542552049542381
254.8274137068534,0.04534460387853042
255.00750375187593,0.045263831398461206
255.18759379689843,0.045183202798510125
255.36768384192095,0.045102717822417634
255.54777388694345,0.04502237621437256
255.72786393196597,0.044942177719013064
255.9079539769885,0.04486212208142748
256.088044022011,0.04478220904715458
256.2681340670335,0.0447024383621836
256.44822411205604,0.04462280977295409
256.62831415707853,0.04454332302635576
256.80840420210103,0.04446397786972785
256.9884942471235,0.04438477405085876
257.1685842921461,0.0443057113179854
257.3486743371686,0.04422678941979268
257.52876438219107,0.044148008105412695
257.70885442721357,0.044069367124424094
257.8889444722361,0.04399086622685135
258.0690345172586,0.04391250516316409
258.2491245622811,0.04383428368427622
258.42921460730366,0.04375620154154525
258.60930465232616,0.04367825848677157
258.78939469734865,0.043600454272197574
258.96948474237115,0.04352278865050692
259.1495747873937,0.04344526137482381
259.3296648324162,0.04336787219871218
259.5097548774387,0.043290620876174926
259.6898449224612,0.0432135071616531
259.86993496748374,0.04313653081002514
260.05002501250624,0.04305969157660616
260.23011505752874,0.042982989217147126
260.4102051025513,0.042906423487833995
260.5902951475738,0.04282999414528714
260.7703851925963,0.0427537009465604
260.9504752376188,0.042677543649140365
261.1305652826413,0.042601522010945615
261.3106553276638,0.04252563579032601
261.4907453726863,0.0424498847460618
261.6708354177088,0.04237426863736293
261.85092546273137,0.04229878722386824
262.03101550775386,0.04222344026564481
262.21110555277636,0.04214822752318703
262.3911955977989,0.042073148757415926
262.5712856428214,0.04199820372967847
262.7513756878439,0.041923392201746665
262.9314657328664,0.04184871393581691
263.11155577788895,0.04177416869450917
263.29164582291145,0.04169975624086633
263.47173586793394,0.0416254763383533
263.65182591295644,0.04155132875085635
263.831915957979,0.0414773132426823
264.0120060030015,0.04161589086000209
264.192096048024,0.0443070241538418
264.37218609304654,0.04633876050256216
264.55227613806903,0.0478672345272851
264.73236618309153,0.04901162002763235
264.912456228114,0.04986287948081369
265.0925462731366,0.050490442327738846
265.2726363181591,0.050947302351154106
265.45272636318157,0.05127390838404447
265.63281640820406,0.051501133995508964
265.8129064532266,0.05165254418188617
265.9929964982491,0.051746125478581095
266.1730865432716,0.05179560651358099
266.35317658829416,0.05181146595477972
266.53326663331666,0.051801701852376245
266.71335667833915,0.05177241885976578
266.89344672336165,0.05172827644538351
267.0735367683842,0.05167283100222391
267.2536268134067,0.05160879697196081
267.4337168584292,0.05153824615482354
267.6138069034517,0.05146275983812038
267.79389694847424,0.05138354491234892
267.97398699349674,0.051301522499881985
268.15407703851923,0.05121739560315089
268.3341670835418,0.05113170073890675
268.5142571285643,0.05104484734943311
268.6943471735868,0.05095714788419368
268.8744372186093,0.05086884076044393
269.0545272636318,0.050780107888523635
269.2346173086543,0.05069108804849881
269.4147073536768,0.050601887100236276
269.5947973986993,0.05051258577651267
269.77488744372187,0.05042324563131005
269.95497748874436,0.05033391358000962
270.13506753376686,0.05024462536481386
270.31515757878935,0.05015540819982151
270.4952476238119,0.050066282789950456
270.6753376688344,0.0499772648719339
270.8554277138569,0.049888366390525865
271.03551775887945,0.049799596396271115
271.21560780390195,0.0497109617307515
271.39569784892444,0.04962246754961795
271.57578789394694,0.04953411772180841
271.7558779389695,0.049445915134261116
271.935967983992,0.049357861924495074
272.1160580290145,0.04926995965813267
272.296148074037,0.04918220946439858
272.47623811905953,0.04909461213954254
272.656328164082,0.04900716822577948
272.8364182091045,0.04891987807154207
273.0165082541271,0.048832741877470255
273.19659829914957,0.04874575973151367
273.37668834417207,0.048658931635724045
273.55677838919456,0.04857225752670538
273.7368684342171,0.0484857372912225
273.9169584792396,0.04839937077811492
274.0970485242621,0.04831315780738969
274.2771385692846,0.04822709817716203
274.45722861430716,0.048141191668952386
274.63731865932965,0.04805543805172968
274.81740870435215,0.047969837084996816
274.9974987493747,0.04788438852114595
275.1775887943972,0.047799092107255844
275.3576788394197,0.04771394758646344
275.5377688844422,0.04762895469901073
275.71785892946474,0.04754411318304354
275.89794897448724,0.047459422775221013
276.07803901950973,0.04737488321118054
276.2581290645322,0.04729049422589254
276.4382191095548,0.04720625555393104
276.6183091545773,0.04712216692967996
276.79839919959977,0.047038228087490315
276.9784892446223,0.04695443876180014
277.1585792896448,0.04687079868722576
277.3386693346673,0.046787307598631186
277.5187593796898,0.04670396523118097
277.69884942471236,0.04662077132038034
277.87893946973486,0.04653772560210566
278.05902951475736,0.04645482781262736
278.23911955977985,0.046372077688627354
278.4192096048024,0.04628947496721213
278.5992996498249,0.04620701938592255
278.7793896948474,0.046124710682741016
278.95947973986995,0.04604254859609687
279.13956978489244,0.04596053286487039
279.31965982991494,0.04587866322839533
279.49974987493744,0.04579693942646106
279.67983991996,0.0457153611993137
279.8599299649825,0.045633928287656986
280.040020010005,0.045552640432652614
280.2201100550275,0.045471497375920336
280.40020010005003,0.04539049885953787
280.5802901450725,0.045309644626040736
280.760380190095,0.04522893441842163
280.9404702351176,0.04514836798013006
281.12056028014007,0.045067945055071834
281.30065032516256,0.04498766538760828
281.48074037018506,0.044907528722555656
281.6608304152076,0.04482753480518441
281.8409204602301,0.04474768338121856
282.0210105052526,0.04466797419683481
282.2011005502751,0.04458840699866183
282.38119059529765,0.04450898153377952
282.56128064032015,0.04442969754971827
282.74137068534264,0.04435055479445805
282.9214607303652,0.044271553016427705
283.1015507753877,0.04419269196450428
283.2816408204102,0.04411397138801197
283.4617308654327,0.04403539103672155
283.64182091045524,0.04395695066084948
283.82191095547773,0.0438786500110572
284.00200100050023,0.04380048883845024
284.1820910455227,0.04372246689457749
284.3621810905453,0.043644583931430364
284.5422711355678,0.04356683970144216
284.72236118059027,0.04348923395748704
284.90245122561277,0.04341176645287944
285.0825412706353,0.04333443694137318
285.2626313156578,0.04325724517716075
285.4427213606803,0.04318019091487249
285.62281140570286,0.04310327390957577
285.80290145072536,0.04302649391677435
285.98299149574785,0.04294985069240742
286.16308154077035,0.042873343992848964
286.3431715857929,0.0427969735749069
286.5232616308154,0.04272073919582242
286.7033516758379,0.042644640613269065
286.8834417208604,0.042568677585352065
287.06353176588294,0.04249284987060752
287.24362181090544,0.0424171572280017
287.42371185592793,0.04234159941693018
287.6038019009505,0.0422661761972171
287.783891945973,0.042190887329114524
287.9639819909955,0.0421157325733015
288.144072036018,0.044352714479665156
288.3241620810405,0.04654202323097731
288.504252126063,0.0481904686001325
288.6843421710855,0.04942612597915087
288.864432216108,0.05034675221963282
289.04452226113057,0.05102696274711901
289.22461230615306,0.051523709683053316
289.40470235117556,0.05188046316595947
289.5847923961981,0.052130402855186865
289.7648824412206,0.05229885393037995
289.9449724862431,0.05240514643236806
290.1250625312656,0.052464034454173275
290.30515257628815,0.05248677937600464
290.48524262131065,0.052481976672957606
290.66533266633314,0.05245618699781287
290.84542271135564,0.052414417871638704
291.0255127563782,0.05236049134685654
291.2056028014007,0.052297324635779546
291.3856928464232,0.05222714430775109
291.56578289144574,0.052151649780763934
291.74587293646823,0.052072138110753625
291.9259629814907,0.051989599240319824
292.1060530265132,0.05190478869982672
292.2861430715358,0.051818283098436564
292.46623311655827,0.051730522479105465
292.64632316158077,0.05164184264715131
292.82641320660326,0.0515524998458866
293.0065032516258,0.05146268959094609
293.1865932966483,0.0513725610460844
293.3666833416708,0.0512822279958825
293.54677338669336,0.05119177722095553
293.72686343171586,0.05110127489055106
293.90695347673835,0.05101077144186789
294.08704352176085,0.05092030530432508
294.2671335667834,0.05082990574220807
294.4472236118059,0.05073959502439341
294.6273136568284,0.05064939008044789
294.8074037018509,0.05055930376468999
294.98749374687344,0.050469345821017725
295.16758379189594,0.05037952361933897
295.34767383691843,0.05028984271767082
295.527763881941,0.050200307291176804
295.7078539269635,0.05011092045964062
295.887943971986,0.050021684537418724
296.0680340170085,0.04993260122422321
296.248124062031,0.04984367175074156
296.4282141070535,0.04975489698978467
296.608304152076,0.049666277541123134
296.7883941970985,0.04957781379624067
296.96848424212106,0.04948950598775865
297.14857428714356,0.04940135422716055
297.32866433216606,0.04931335853358571
297.50875437718855,0.04922551885580696
297.6888444222111,0.049137835089005245
297.8689344672336,0.04905030708757321
298.0490245122561,0.04896293467488755
298.22911455727865,0.04887571765076786
298.40920460230114,0.048788655797169726
298.58929464732364,0.04870174888252962
298.76938469234614,0.04861499666508129
298.9494747373687,0.048528398895386834
299.1295647823912,0.04844195531826835
299.3096548274137,0.04835566567428212
299.4897448724362,0.04826952970084366
299.66983491745873,0.048183547133086126
299.8499249624812,0.04809771770451558
300.0300150075037,0.04801204114751056
300.2101050525263,0.04792651719370338
300.39019509754877,0.047841145574271174
300.57028514257127,0.04775592602015734
300.75037518759376,0.04767085826224084
300.9304652326163,0.047585942031464885
301.1105552776388,0.04750117705893528
301.2906453226613,0.0474165630759949
301.4707353676838,0.047332099814280625
301.65082541270635,0.04724778700576649
301.83091545772885,0.04716362438279653
302.01100550275135,0.04707961167810935
302.1910955477739,0.046995748624857045
302.3711855927964,0.04691203495661926
302.5512756378189,0.04682847040741368
302.7313656828414,0.04674505471170395
302.91145572786394,0.04666178760440539
303.09154577288643,0.046578668820889416
303.27163581790893,0.04649569809698632
303.4517258629314,0.046412875168987545
303.631815907954,0.04633019977364706
303.8119059529765,0.0462476716481823
303.99199599799897,0.046165290530274516
304.1720860430215,0.04608305615806901
304.352176088044,0.04600096827017519
304.5322661330665,0.04591902660566609
304.712356178089,0.045837230904078145
304.89244622311156,0.04575558090541067
305.07253626813406,0.045674076350125326
305.25262631315655,0.045592716979145395
305.43271635817905,0.045511502533855205
305.6128064032016,0.045430432756099336
305.7928964482241,0.04534950738818204
305.9729864932466,0.0452687261728663
306.15307653826915,0.04518808885337315
306.33316658329164,0.04510759517338099
306.51325662831414,0.045027244877024614
306.69334667333663,0.04494703770889455
306.8734367183592,0.04486697341403622
307.0535267633817,0.044787051737949196
307.2336168084042,0.044707272426586335
307.4137068534267,0.044627635226352984
307.5937968984492,0.0445481398841062
307.7738869434717,0.044468786147154
307.9539769884942,0.044389573763254475
308.13406703351677,0.044310502480614994
308.31415707853927,0.04423157204789153
308.49424712356176,0.04415278221418768
308.67433716858426,0.044074132729054
308.8544272136068,0.043995623342487154
309.0345172586293,0.04391725380492917
309.2146073036518,0.04383902386726658
309.3946973486743,0.043760933280829674
309.57478739369685,0.043682981797391655
309.75487743871935,0.043605169169168
309.93496748374184,0.04352749514881545
310.11505752876434,0.043449959489431395
310.2951475737869,0.04337256194455299
310.4752376188094,0.043295302268156505
310.6553276638319,0.04321818021465638
310.83541770885444,0.04314119553890447
311.01550775387693,0.04306434799618947
311.1955977988994,0.04298763734223582
311.3756878439219,0.04291106333320319
311.5557778889445,0.04283462572568551
311.735867933967,0.04275832427671042
311.91595797898947,0.04268215874373826
312.09604802401196,0.0442026684421774
312.2761380690345,0.04656167406226997
312.456228114057,0.048339406034755304
312.6363181590795,0.049673506241180464
312.81640820410206,0.05066903340801232
312.99649824912456,0.05140617630874755
313.17658829414705,0.05194614106900333
313.35667833916955,0.052335644807511635
313.5367683841921,0.052610345526212174
313.7168584292146,0.05279746006439196
313.8969484742371,0.052917762321279795
314.0770385192596,0.052987108452180604
314.25712856428214,0.053017601014680484
314.43721860930464,0.053018477533963236
314.61730865432713,0.05299678872374045
314.7973986993497,0.05295791615627666
314.9774887443722,0.05290596738769909
315.1575787893947,0.0528440775478187
315.3376688344172,0.05277463953652099
315.5177588794397,0.05269947972723675
315.6978489244622,0.05261999207725321
315.8779389694847,0.05253724049094861
316.0580290145072,0.052452036951232295
316.23811905952977,0.05236500115542846
316.41820910455226,0.05227660603393822
316.59829914957476,0.05218721249355936
316.7783891945973,0.052097095936242205
316.9584792396198,0.05200646650022966
317.1385692846423,0.05191548450964119
317.3186593296648,0.05182427226677556
317.49874937468735,0.05173292305289677
317.67883941970985,0.051641507998321456
317.85892946473234,0.05155008132619386
318.03901950975484,0.05145868435493565
318.2191095547774,0.05136734855322088
318.3991995997999,0.05127609787176624
318.5792896448224,0.05118495052313113
318.75937968984493,0.05109392034019686
318.93946973486743,0.05100301781306167
319.1195597798899,0.050912250880477836
319.2996498249124,0.05082162553393679
319.479739869935,0.05073114627875275
319.65982991495747,0.050640816485996984
319.83991995997997,0.050550638661120355
320.02001000500246,0.05046061464898659
320.200100050025,0.05037074579036909
320.3801900950475,0.050281033041401066
320.56028014007,0.05019147706474858
320.74037018509256,0.050102078299200846
320.92046023011505,0.050012837012786554
321.10055027513755,0.04992375334331597
321.28064032016005,0.049834827329325655
321.4607303651826,0.04974605893369767
321.6408204102051,0.04965744806168735
321.8209104552276,0.04956899457468305
322.0010005002501,0.049480698300708725
322.18109054527264,0.049392559042439846
322.36118059029513,0.049304576583321845
322.54127063531763,0.049216750692239526
322.7213606803401,0.04912908112708133
322.9014507253627,0.04904156763745943
323.0815407703852,0.0489542099667858
323.26163081540767,0.04886700785385649
323.4417208604302,0.04877996103406077
323.6218109054527,0.04869306924030391
323.8019009504752,0.04860633220371104
323.9819909954977,0.04851974965416448
324.16208104052026,0.04843332132071343
324.34217108554276,0.04834704693188672
324.52226113056525,0.04826092621593102
324.70235117558775,0.048174958900992694
324.8824412206103,0.04808914471525628
325.0625312656328,0.048003483387050086
325.2426213106553,0.04791797464492642
325.42271135567785,0.04783261821772278
325.60280140070034,0.04774741383460833
325.78289144572284,0.04766236122511906
325.96298149074534,0.04757746011918455
326.1430715357679,0.047492710247148094
326.3231615807904,0.04740811133978204
326.5032516258129,0.047323663128299
326.6833416708354,0.04723936534436045
326.8634317158579,0.04715521772008302
327.0435217608804,0.04707121998804313
327.2236118059029,0.04698737188128019
327.4037018509255,0.04690367313329897
327.58379189594797,0.04682012347807127
327.76388194097046,0.04673672265003678
327.94397198599296,0.04665347038410374
328.1240620310155,0.04657036641564912
328.304152076038,0.04648741048051872
328.4842421210605,0.04640460231502676
328.664332166083,0.0463219416559557
328.84442221110555,0.046239428240555644
329.02451225612805,0.04615706180654392
329.20460230115054,0.04607484209210432
329.3846923461731,0.045992768835886474
329.5647823911956,0.04591084177700524
329.7448724362181,0.04582906065503979
329.9249624812406,0.045747425210033034
330.10505252626314,0.04566593518249067
330.28514257128563,0.045584590313380635
330.4652326163081,0.04550339034413209
330.6453226613306,0.04542233501663469
330.8254127063532,0.04534142407323784
331.0055027513757,0.04526065725674989
331.18559279639817,0.04518003431043723
331.3656828414207,0.04509955497802352
331.5457728864432,0.045019219003689055
331.7258629314657,0.04493902613206962
331.9059529764882,0.04485897610825598
332.08604302151076,0.04477906867779291
332.26613306653326,0.04469930358667851
332.44622311155575,0.04461968058136324
332.62631315657825,0.044540199408749266
332.8064032016008,0.04446085981618955
332.9864932466233,0.04438166155148717
333.1665832916458,0.04430260436289435
333.34667333666835,0.04422368799911179
333.52676338169084,0.044144912209287866
333.70685342671334,0.044066276743017746
333.88694347173583,0.043987781350342633
334.0670335167584,0.04390942578174901
334.2471235617809,0.04383120978816786
334.4272136068034,0.04375313312097376
334.6073036518259,0.04367519553198421
334.7873936968484,0.043597396773458724
334.9674837418709,0.043519736598098255
335.1475737868934,0.043442214759044154
335.32766383191597,0.043364831009877515
335.50775387693847,0.043287585104618456
335.68784392196096,0.04321047679772518
335.86793396698346,0.04313350584409329
336.048024012006,0.043056671999054996
336.2281140570285,0.04297997501837838
336.408204102051,0.0429034146582665
336.5882941470735,0.042826990675356766
336.76838419209605,0.042750702826720006
336.94847423711855,0.04267455086985987
337.12856428214104,0.04259853456271191
337.30865432716354,0.04252265366364288
337.4887443721861,0.04244690793144993
337.6688344172086,0.04237129712535995
337.8489244622311,0.042295821005028614
338.02901450725363,0.042220479330539774
338.20910455227613,0.04214527186240468
338.3891945972986,0.04207019836156113
338.5692846423211,0.04199525858937276
338.7493746873437,0.04192045230762831
338.92946473236617,0.04184577927854088
339.10955477738867,0.04177123926474708
339.28964482241116,0.04169683202930638
339.4697348674337,0.04162255733570026
339.6498249124562,0.041548414947831604
339.8299149574787,0.041474404630023755
340.01000500250126,0.04140052614701992
340.19009504752376,0.04132677926398237
340.37018509254625,0.041253163746491704
340.55027513756875,0.04117967936054604
340.7303651825913,0.041106325872560356
340.9104552276138,0.04103310304936576
341.0905452726363,0.040960010658208645
341.2706353176588,0.040887048466749995
341.45072536268134,0.0408142162430647
341.63081540770384,0.04074151375564082
341.81090545272633,0.040668940773378716
341.9909954977489,0.04059649706559043
342.1710855427714,0.04052418240199901
342.3511755877939,0.04045199655273759
342.53126563281637,0.04037993928834883
342.7113556778389,0.04030801037978407
342.8914457228614,0.04023620959840275
343.0715357678839,0.040164536715971505
343.2516258129064,0.04009299150466354
343.43171585792896,0.040021573737057864
343.61180590295146,0.03995028318613869
343.79189594797396,0.0398791196252945
343.9719859929965,0.039808082828317486
344.152076038019,0.03973717256940283
344.3321660830415,0.03966638862314785
344.512256128064,0.03959573076455145
344.69234617308655,0.03952519876901327
344.87243621810904,0.039454792412333094
345.05252626313154,0.03938451147071003
345.23261630815404,0.039314355720741864
345.4127063531766,0.039244324939424285
345.5927963981991,0.039174418904150306
345.7728864432216,0.0391046373927094
345.95297648824413,0.039034980183286855
346.13306653326663,0.03896544705446317
346.3131565782891,0.038896037785213146
346.4932466233116,0.03882675215490537
346.6733366683342,0.038757589943301404
346.85342671335667,0.03868855093055515
347.03351675837916,0.03861963489721211
347.21360680340166,0.03855084162420869
347.3936968484242,0.03848217089287151
347.5737868934467,0.038413622484916754
347.7538769384692,0.038345196182449415
347.93396698349176,0.03827689176796257
348.11405702851425,0.038208709024336845
348.29414707353675,0.038140647734839536
348.47423711855924,0.03807270768312404
348.6543271635818,0.03800488865322911
348.8344172086043,0.03793719042957825
349.0145072536268,0.03786961279697891
349.1945972986493,0.03780215554062187
349.37468734367184,0.03773481844608056
349.55477738869433,0.037667601299310405
349.73486743371683,0.037600503886648054
349.9149574787393,0.037533525994810794
350.0950475237619,0.03746666741089577
350.2751375687844,0.03739992792237948
350.45522761380687,0.037333307317116884
350.6353176588294,0.03726680538334089
350.8154077038519,0.037200421909661635
350.9954977488744,0.03713415668506578
351.1755877938969,0.03706800949891587
351.35567783891946,0.037001980140949645
351.53576788394196,0.036936068401279436
351.71585792896445,0.0368702740703914
351.89594797398695,0.036804596939144923
352.0760380190095,0.0367390367987719
352.256128064032,0.03667359344087617
352.4362181090545,0.03660826665743274
352.61630815407705,0.03654305624078716
352.79639819909954,0.03647796198365494
352.97648824412204,0.036412983679120756
353.15657828914453,0.0363481211206379
353.3366683341671,0.03628337410202757
353.5167583791896,0.03621874241747826
353.6968484242121,0.036154225861545056
353.8769384692346,0.036089824229148984
354.0570285142571,0.0360255373155764
354.2371185592796,0.03596136491647833
354.4172086043021,0.035897306827869804
354.59729864932467,0.03583336284612915
354.77738869434717,0.03576953276799752
354.95747873936966,0.035705816390578037
355.13756878439216,0.035642213511335265
355.3176588294147,0.035578723928094566
355.4977488744372,0.035515347439041445
355.6778389194597,0.03545208384272087
355.8579289644822,0.03538893293803667
356.03801900950475,0.035325894524250875
356.21810905452725,0.03526296840098314
356.39819909954974,0.03520015436821001
356.5782891445723,0.035137452226264326
356.7583791895948,0.03507486177583466
356.9384692346173,0.035012382817964545
357.1185592796398,0.034950015154051946
357.29864932466234,0.03488775858584859
357.47873936968483,0.03482561291545938
357.6588294147073,0.0347635779453417
357.8389194597298,0.03470165347830479
358.0190095047524,0.03463983931750919
358.19909954977487,0.034578135266466074
358.37918959479737,0.0345165411290366
358.5592796398199,0.03445505670943128
358.7393696848424,0.03439368181220948
358.9194597298649,0.0343324162422786
359.0995497748874,0.03427125980489362
359.27963981990996,0.034210212305656386
359.45972986493246,0.03414927355051508
359.63981990995495,0.03408844334576349
359.81990995497745,0.03402772149804048
360.0,0.03396710781432933
