drug,time_h,concentration
aducanumab,0.0,0.0
aducanumab,1.4428857715430863,221.77130311900748
aducanumab,2.8857715430861726,215.73090937598053
aducanumab,4.328657314629259,209.8559494355367
aducanumab,5.771543086172345,204.1418905927364
aducanumab,7.214428857715431,198.5843243373942
aducanumab,8.657314629258519,193.1789629511724
aducanumab,10.100200400801604,187.92163619791341
aducanumab,11.54308617234469,182.8082881046596
aducanumab,12.985971943887776,177.83497383086768
aducanumab,14.428857715430862,172.99785662340733
aducanumab,15.87174348697395,168.29320485499238
aducanumab,17.314629258517037,163.71738914375834
aducanumab,18.757515030060123,159.2668795517625
aducanumab,20.20040080160321,154.93824286024423
aducanumab,21.643286573146295,150.72813991954305
aducanumab,23.08617234468938,146.63332307162818
aducanumab,24.529058116232466,142.6506336432527
aducanumab,25.971943887775552,138.77699950778998
aducanumab,27.414829659318638,135.00943271387789
aducanumab,28.857715430861724,131.3450271790373
aducanumab,30.300601202404813,127.78095644648427
aducanumab,31.7434869739479,124.31447150340561
aducanumab,33.186372745490985,120.94289865901264
aducanumab,34.629258517034074,117.66363748073618
aducanumab,36.07214428857716,114.4741587869698
aducanumab,37.515030060120246,111.37200269481237
aducanumab,38.95791583166333,108.35477672129876
aducanumab,40.40080160320642,105.42015393665878
aducanumab,41.8436873747495,102.56587116817572
aducanumab,43.28657314629259,99.78972725325862
aducanumab,44.72945891783567,97.08958134037997
aducanumab,46.17234468937876,94.46335123656736
aducanumab,47.61523046092185,91.90901180017349
aducanumab,49.05811623246493,89.42459337768462
aducanumab,50.50100200400802,87.00818028336013
aducanumab,51.943887775551104,84.65790932052766
aducanumab,53.386773547094194,82.37196834339612
aducanumab,54.829659318637276,80.1485948582742
aducanumab,56.272545090180365,77.98607466311496
aducanumab,57.71543086172345,75.88274052433682
aducanumab,59.15831663326654,73.83697088989906
aducanumab,60.60120240480963,71.84718863763908
aducanumab,62.04408817635271,69.91185985790572
aducanumab,63.4869739478958,68.02949266954688
aducanumab,64.92985971943888,66.19863606833887
aducanumab,66.37274549098197,64.41787880696899
aducanumab,67.81563126252506,62.6858483057061
aducanumab,69.25851703406815,61.00120959291845
aducanumab,70.70140280561122,59.36266427462121
aducanumab,72.14428857715431,57.768949532258006
aducanumab,73.5871743486974,56.2188371479433
aducanumab,75.03006012024049,54.71113255641358
aducanumab,76.47294589178357,53.24467392295332
aducanumab,77.91583166332666,51.81833124658628
aducanumab,79.35871743486975,50.431005487839315
aducanumab,80.80160320641284,49.08162772040489
aducanumab,82.24448897795592,47.76915830604798
aducanumab,83.687374749499,46.49258609212032
aducanumab,85.13026052104209,45.25092763106247
aducanumab,86.57314629258518,44.04322642129175
aducanumab,88.01603206412827,42.86855216888994
aducanumab,89.45891783567134,41.726000069519294
aducanumab,90.90180360721443,40.6146901100148
aducanumab,92.34468937875752,39.533766389112515
aducanumab,93.78757515030061,38.48239645678956
aducanumab,95.2304609218437,37.4597706717062
aducanumab,96.67334669338678,36.46510157625379
aducanumab,98.11623246492987,35.497623288726196
aducanumab,99.55911823647295,34.55659091214615
aducanumab,101.00200400801604,33.64127995928923
aducanumab,102.44488977955912,32.750985793461574
aducanumab,103.88777555110221,31.88502308460077
aducanumab,105.3306613226453,31.042725280279193
aducanumab,106.77354709418839,30.223444091201696
aducanumab,108.21643286573148,29.426548990800594
aducanumab,109.65931863727455,28.651426728541615
aducanumab,111.10220440881764,27.897480856565128
aducanumab,112.54509018036073,27.16413126929777
aducanumab,113.98797595190382,26.450813755677967
aducanumab,115.4308617234469,25.756979563650503
aducanumab,116.87374749498998,25.082094976593925
aducanumab,118.31663326653307,24.425640901353752
aducanumab,119.75951903807616,23.78711246756336
aducanumab,121.20240480961925,23.166018637943445
aducanumab,122.64529058116233,22.56188182927917
aducanumab,124.08817635270542,21.974237543782458
aducanumab,125.5310621242485,21.402634010555293
aducanumab,126.9739478957916,20.846631836876103
aducanumab,128.41683366733469,20.3058036690412
aducanumab,129.85971943887776,19.779733862499036
aducanumab,131.30260521042086,19.26801816102266
aducanumab,132.74549098196394,18.770263384672834
aducanumab,134.18837675350701,18.286087126310733
aducanumab,135.63126252505012,17.815117456426307
aducanumab,137.0741482965932,17.356992636054258
aducanumab,138.5170340681363,16.9113608375562
aducanumab,139.95991983967937,16.4778798730529
aducanumab,141.40280561122245,16.056216930297694
aducanumab,142.84569138276555,15.646048315786851
aducanumab,144.28857715430863,15.247059204908648
aducanumab,145.7314629258517,14.858943398938244
aducanumab,147.1743486973948,14.481403088690895
aducanumab,148.61723446893788,14.114148624651015
aducanumab,150.06012024048098,13.756898293399706
aducanumab,151.50300601202406,13.409378100168198
aducanumab,152.94589178356713,13.071321557348893
aducanumab,154.38877755511024,12.742469478801508
aducanumab,155.8316633266533,12.422569779795053
aducanumab,157.27454909819642,12.111377282431306
aducanumab,158.7174348697395,11.808653526399723
aducanumab,160.16032064128257,11.514166584917536
aducanumab,161.60320641282567,11.227690885713109
aducanumab,163.04609218436875,10.94900703691444
aducanumab,164.48897795591185,10.67790165770806
aducanumab,165.93186372745492,10.414167213637894
aducanumab,167.374749498998,10.157601856416901
aducanumab,168.8176352705411,9.908009268127845
aducanumab,170.26052104208418,9.665198509692935
aducanumab,171.70340681362725,9.428983873495303
aducanumab,173.14629258517036,9.199184740038666
aducanumab,174.58917835671343,8.9756254385345
aducanumab,176.03206412825654,8.75813511130917
aducanumab,177.4749498997996,8.54654758192609
aducanumab,178.9178356713427,8.340701226921366
aducanumab,180.3607214428858,8.140438851053897
aducanumab,181.80360721442887,7.94560756597356
aducanumab,183.24649298597197,7.756058672213823
aducanumab,184.68937875751504,7.571647544417793
aducanumab,186.13226452905812,7.392233519708983
aducanumab,187.57515030060122,7.217679789120762
aducanumab,189.0180360721443,7.047853292000679
aducanumab,190.4609218436874,6.882624613307845
aducanumab,191.90380761523048,6.721867883724547
aducanumab,193.34669338677355,6.56546068250468
aducanumab,194.78957915831666,6.413283942984139
aducanumab,196.23246492985973,6.2652218606801995
aducanumab,197.67535070140283,6.121161803908932
aducanumab,199.1182364729459,5.980994226851716
aducanumab,200.56112224448898,5.8446125850037065
aducanumab,202.0040080160321,5.711913252939031
aducanumab,203.44689378757516,5.582795444329075
aducanumab,204.88977955911824,5.457161134152346
aducanumab,206.33266533066134,5.334914983035732
aducanumab,207.77555110220442,5.215964263668806
aducanumab,209.21843687374752,5.100218789234323
aducanumab,210.6613226452906,4.987590843799756
aducanumab,212.10420841683367,4.877995114616042
aducanumab,213.54709418837678,4.771348626271402
aducanumab,214.98997995991985,4.667570676649274
aducanumab,216.43286573146295,4.5665827746409375
aducanumab,217.87575150300603,4.468308579564883
aducanumab,219.3186372745491,4.372673842246008
aducanumab,220.7615230460922,4.279606347709262
aducanumab,222.20440881763528,4.189035859443464
aducanumab,223.6472945891784,4.1008940651922625
aducanumab,225.09018036072146,4.01511452423044
aducanumab,226.53306613226454,3.9316326160848543
aducanumab,227.97595190380764,3.8503854906603463
aducanumab,229.41883767535072,3.771312019732222
aducanumab,230.8617234468938,3.694352749767818
aducanumab,232.3046092184369,3.619449856040748
aducanumab,233.74749498997997,3.5465470980024096
aducanumab,235.19038076152307,3.4755897758762826
aducanumab,236.63326653306615,3.4065246884415608
aducanumab,238.07615230460922,3.33930009197348
aducanumab,239.51903807615233,3.2738656603087253
aducanumab,240.9619238476954,3.210172446004949
aducanumab,242.4048096192385,3.148172842564555
aducanumab,243.84769539078158,3.087820547693543
aducanumab,245.29058116232466,3.0290705275670318
aducanumab,246.73346693386776,2.97187898207391
aducanumab,248.17635270541084,2.9162033110137737
aducanumab,249.61923847695394,2.86200208122005
aducanumab,251.062124248497,2.8092349945839707
aducanumab,252.5050100200401,2.7578628569546626
aducanumab,253.9478957915832,2.707847547891338
aducanumab,255.39078156312627,2.6591519912443076
aducanumab,256.83366733466937,2.61174012654204
aducanumab,258.2765531062124,2.565576881162222
aducanumab,259.7194388777555,2.5206281432653075
aducanumab,261.1623246492986,2.476860735469702
aducanumab,262.60521042084173,2.4342423892482206
aducanumab,264.0480961923848,2.3927417200261116
aducanumab,265.4909819639279,2.352328202961349
aducanumab,266.933867735471,2.3129721493885493
aducanumab,268.37675350701403,2.274644683908325
aducanumab,269.81963927855713,2.2373177221043687
aducanumab,271.26252505010024,2.2009639488711055
aducanumab,272.7054108216433,2.16555679733514
aducanumab,274.1482965931864,2.131070428354254
aducanumab,275.5911823647295,2.0974797105781433
aducanumab,277.0340681362726,2.0647602010554835
aducanumab,278.47695390781564,2.032888126372335
aducanumab,279.91983967935874,2.00184036430736
aducanumab,281.36272545090185,1.9715944259896898
aducanumab,282.8056112224449,1.9421284385456514
aducanumab,284.248496993988,1.9134211282209677
aducanumab,285.6913827655311,1.885451803965415
aducanumab,287.13426853707415,1.8582003414672452
aducanumab,288.57715430861725,1.8316471676250674
aducanumab,290.02004008016036,1.8057732454452122
aducanumab,291.4629258517034,1.780560059352867
aducanumab,292.9058116232465,1.7559896009057048
aducanumab,294.3486973947896,1.7320443548989537
aducanumab,295.7915831663327,1.708707285851178
aducanumab,297.23446893787576,1.6859618248603485
aducanumab,298.67735470941886,1.6637918568200463
aducanumab,300.12024048096197,1.64218170798595
aducanumab,301.563126252505,1.6211161338829938
aducanumab,303.0060120240481,1.600580307543868
aducanumab,304.4488977955912,1.580559808069772
aducanumab,305.89178356713427,1.5610406095046048
aducanumab,307.3346693386774,1.5420090700139966
aducanumab,308.7775551102205,1.5234519213608377
aducanumab,310.2204408817635,1.5053562586691673
aducanumab,311.6633266533066,1.4877095304685293
aducanumab,313.10621242484973,1.4704995290111156
aducanumab,314.54909819639283,1.4537143808542183
aducanumab,315.9919839679359,1.437342537700715
aducanumab,317.434869739479,1.4213727674905143
aducanumab,318.8777555110221,1.4057941457361078
aducanumab,320.32064128256513,1.3905960470955139
aducanumab,321.76352705410824,1.3757681371761217
aducanumab,323.20641282565134,1.361300364563113
aducanumab,324.6492985971944,1.3471829530662964
aducanumab,326.0921843687375,1.333406394179376
aducanumab,327.5350701402806,1.3199614397458468
aducanumab,328.9779559118237,1.3068390948258253
aducanumab,330.42084168336675,1.294030610758331
aducanumab,331.86372745490985,1.2815274784136614
aducanumab,333.30661322645295,1.2693214216306508
aducanumab,334.749498997996,1.257404390833741
aducanumab,336.1923847695391,1.2457685568249437
aducanumab,337.6352705410822,1.2344063047459046
aducanumab,339.07815631262525,1.223310228205402
aducanumab,340.52104208416836,1.2124731235677533
aducanumab,341.96392785571146,1.2018879843977117
aducanumab,343.4068136272545,1.1915479960575737
aducanumab,344.8496993987976,1.1814465304523212
aducanumab,346.2925851703407,1.1715771409187492
aducanumab,347.7354709418838,1.161933557254625
aducanumab,349.17835671342687,1.1525096808840487
aducanumab,350.62124248496997,1.1432995801552799
aducanumab,352.0641282565131,1.134297485767406
aducanumab,353.5070140280561,1.125497786322318
aducanumab,354.9498997995992,1.1168950239985505
aducanumab,356.3927855711423,1.10848389034367
aducanumab,357.8356713426854,1.1002592221819405
aducanumab,359.2785571142285,1.0922159976341204
aducanumab,360.7214428857716,1.0843493322463176
aducanumab,362.1643286573147,1.0766544752249088
aducanumab,363.60721442885773,1.0691268057746213
aducanumab,365.05010020040083,1.0617618295369546
aducanumab,366.49298597194394,1.054555175126183
aducanumab,367.935871743487,1.0475025907602693
aducanumab,369.3787575150301,1.040599940984092
aducanumab,370.8216432865732,1.0338432034824556
aducanumab,372.26452905811624,1.0272284659804196
aducanumab,373.70741482965934,1.0207519232285602
aducanumab,375.15030060120245,1.014409874070833
aducanumab,376.5931863727455,1.008198718592775
aducanumab,378.0360721442886,1.0021149553478477
aducanumab,379.4789579158317,0.9961551786597718
aducanumab,380.9218436873748,0.9903160759987804
aducanumab,382.36472945891785,0.9845944254297593
aducanumab,383.80761523046095,0.9789870931303077
aducanumab,385.25050100200406,0.9734910309768035
aducanumab,386.6933867735471,0.968103274196608
aducanumab,388.1362725450902,0.9628209390845995
aducanumab,389.5791583166333,0.9576412207822732
aducanumab,391.02204408817636,0.9525613911176947
aducanumab,392.46492985971946,0.9475787965046316
aducanumab,393.90781563126257,0.9426908558992537
aducanumab,395.35070140280567,0.9378950588128148
aducanumab,396.7935871743487,0.9331889633787872
aducanumab,398.2364729458918,0.9285701944729553
aducanumab,399.6793587174349,0.9240364418850181
aducanumab,401.12224448897797,0.9195854585402882
aducanumab,402.5651302605211,0.915215058770115
aducanumab,404.0080160320642,0.9109231166297
aducanumab,405.4509018036072,0.9067075642619985
aducanumab,406.8937875751503,0.9025663903064512
aducanumab,408.33667334669343,0.898497638351317
aducanumab,409.7795591182365,0.8944994054284089
aducanumab,411.2224448897796,0.890569840549073
aducanumab,412.6653306613227,0.8867071432802822
aducanumab,414.1082164328658,0.8829095623597439
aducanumab,415.55110220440883,0.8791753943489518
aducanumab,416.99398797595194,0.8755029823231435
aducanumab,418.43687374749504,0.8718907145971528
aducanumab,419.8797595190381,0.8683370234861723
aducanumab,421.3226452905812,0.8648403841004687
aducanumab,422.7655310621243,0.8613993131731251
aducanumab,424.20841683366734,0.8580123679198997
aducanumab,425.65130260521045,0.8546781449303236
aducanumab,427.09418837675355,0.8513952790891839
aducanumab,428.53707414829665,0.8481624425275556
aducanumab,429.9799599198397,0.844978343602574
aducanumab,431.4228456913828,0.8418417259051615
aducanumab,432.8657314629259,0.8387513672949406
aducanumab,434.30861723446895,0.8357060789615913
aducanumab,435.75150300601206,0.8327047045119238
aducanumab,437.19438877755516,0.829746119081967
aducanumab,438.6372745490982,0.8268292284733845
aducanumab,440.0801603206413,0.8239529683135497
aducanumab,441.5230460921844,0.8211163032386387
aducanumab,442.96593186372746,0.8183182260991014
aducanumab,444.40881763527057,0.8155577571869027
aducanumab,445.85170340681367,0.8128339434839384
aducanumab,447.2945891783568,0.8101458579310417
aducanumab,448.7374749498998,0.8074925987170185
aducanumab,450.1803607214429,0.8048732885871633
aducanumab,451.623246492986,0.8022870741707208
aducanumab,453.0661322645291,0.799733125326773
aducanumab,454.5090180360722,0.7972106345080501
aducanumab,455.9519038076153,0.7947188161421711
aducanumab,457.3947895791583,0.7922569060298377
aducanumab,458.83767535070143,0.7898241607595171
aducanumab,460.28056112224453,0.7874198571381616
aducanumab,461.7234468937876,0.7850432916375267
aducanumab,463.1663326653307,0.7826937798556572
aducanumab,464.6092184368738,0.7803706559931303
aducanumab,466.0521042084169,0.7780732723436476
aducanumab,467.49498997995994,0.7758009987985852
aducanumab,468.93787575150304,0.7735532223651163
aducanumab,470.38076152304615,0.7713293466975389
aducanumab,471.8236472945892,0.7691287916414433
aducanumab,473.2665330661323,0.7669509927903682
aducanumab,474.7094188376754,0.7647954010546049
aducanumab,476.15230460921845,0.7626614822418153
aducanumab,477.59519038076155,0.7605487166491388
aducanumab,479.03807615230465,0.758456598666478
aducanumab,480.48096192384776,0.7563846363906505
aducanumab,481.9238476953908,0.7543323512501133
aducanumab,483.3667334669339,0.7522992776399702
aducanumab,484.809619238477,0.7502849625669777
aducanumab,486.25250501002006,0.7482889653042784
aducanumab,487.69539078156316,0.7463108570555921
aducanumab,489.13827655310627,0.7443502206286106
aducanumab,490.5811623246493,0.7424066501173378
aducanumab,492.0240480961924,0.7404797505931348
aducanumab,493.4669338677355,0.738569137804229
aducanumab,494.90981963927857,0.736674437883456
aducanumab,496.35270541082167,0.7347952870640093
aducanumab,497.7955911823648,0.732931331402977
aducanumab,499.2384769539079,0.7310822265124537
aducanumab,500.6813627254509,0.7292476372980183
aducanumab,502.124248496994,0.727427237704379
aducanumab,503.56713426853713,0.725620710467984
aducanumab,505.0100200400802,0.7238277468764132
aducanumab,506.4529058116233,0.7220480465343586
aducanumab,507.8957915831664,0.7202813171360202
aducanumab,509.33867735470943,0.7185272742437334
aducanumab,510.78156312625254,0.7167856410726647
aducanumab,512.2244488977956,0.7150561482814046
aducanumab,513.6673346693387,0.7133385337682975
aducanumab,515.1102204408818,0.7116325424733528
aducanumab,516.5531062124248,0.7099379261855814
aducanumab,517.995991983968,0.708254443355612
aducanumab,519.438877755511,0.7065818589134408
aducanumab,520.8817635270542,0.7049199440911732
aducanumab,522.3246492985973,0.7032684762506234
aducanumab,523.7675350701403,0.7016272387156355
aducanumab,525.2104208416835,0.6999960206090001
aducanumab,526.6533066132265,0.6983746166938378
aducanumab,528.0961923847696,0.6967628272193281
aducanumab,529.5390781563127,0.6951604577706653
aducanumab,530.9819639278558,0.6935673191231252
aducanumab,532.4248496993988,0.6919832271001287
aducanumab,533.867735470942,0.6904080024351948
aducanumab,535.310621242485,0.6888414706376762
aducanumab,536.7535070140281,0.6872834618621705
aducanumab,538.1963927855712,0.685733810781512
aducanumab,539.6392785571143,0.6841923564632418
aducanumab,541.0821643286573,0.6826589422494616
aducanumab,542.5250501002005,0.6811334156399788
aducanumab,543.9679358717435,0.6796156281786546
aducanumab,545.4108216432866,0.6781054353428635
aducanumab,546.8537074148297,0.6766026964359817
aducanumab,548.2965931863728,0.6751072744828223
aducanumab,549.7394789579158,0.6736190361279322
aducanumab,551.182364729459,0.6721378515366774
aducanumab,552.625250501002,0.6706635942990377
aducanumab,554.0681362725452,0.6691961413360351
aducanumab,555.5110220440882,0.6677353728087286
aducanumab,556.9539078156313,0.6662811720296987
aducanumab,558.3967935871744,0.664833425376959
aducanumab,559.8396793587175,0.6633920222102255
aducanumab,561.2825651302605,0.6619568547894789
aducanumab,562.7254509018037,0.6605278181957581
aducanumab,564.1683366733467,0.659104810254125
aducanumab,565.6112224448898,0.657687731458736
aducanumab,567.054108216433,0.6562764848999697
aducanumab,568.496993987976,0.6548709761935488
aducanumab,569.939879759519,0.6534711134116036
aducanumab,571.3827655310622,0.6520768070156244
aducanumab,572.8256513026053,0.6506879697912504
aducanumab,574.2685370741483,0.6493045167848446
aducanumab,575.7114228456915,0.6479263652418056
aducanumab,577.1543086172345,0.6465534345465708
aducanumab,578.5971943887776,0.6451856461642606
aducanumab,580.0400801603207,0.643822923583923
aducanumab,581.4829659318638,0.6424651922633323
aducanumab,582.9258517034068,0.6411123795752988
aducanumab,584.36873747495,0.6397644147554499
aducanumab,585.811623246493,0.6384212288514427
aducanumab,587.2545090180361,0.6370827546735648
aducanumab,588.6973947895792,0.6357489267466907
aducanumab,590.1402805611223,0.6344196812635529
aducanumab,591.5831663326654,0.6330949560392927
aducanumab,593.0260521042085,0.631774690467257
aducanumab,594.4689378757515,0.6304588254760043
aducanumab,595.9118236472947,0.6291473034874886
aducanumab,597.3547094188377,0.6278400683763903
aducanumab,598.7975951903808,0.6265370654305576
aducanumab,600.2404809619239,0.6252382413125346
aducanumab,601.683366733467,0.6239435440221407
aducanumab,603.12625250501,0.6226529228600762
aducanumab,604.5691382765532,0.6213663283925241
aducanumab,606.0120240480962,0.6200837124167216
aducanumab,607.4549098196393,0.6188050279274732
aducanumab,608.8977955911824,0.617530229084583
aducanumab,610.3406813627255,0.6162592711811773
aducanumab,611.7835671342685,0.614992110612895
aducanumab,613.2264529058117,0.6137287048479217
aducanumab,614.6693386773547,0.612469012397845
aducanumab,616.1122244488978,0.6112129927893067
aducanumab,617.555110220441,0.6099606065364318
aducanumab,618.997995991984,0.6087118151140135
aducanumab,620.440881763527,0.6074665809314302
aducanumab,621.8837675350702,0.6062248673072791
aducanumab,623.3266533066133,0.6049866384447025
aducanumab,624.7695390781564,0.6037518594073907
aducanumab,626.2124248496995,0.6025204960962418
aducanumab,627.6553106212425,0.6012925152266599
aducanumab,629.0981963927857,0.6000678843064761
aducanumab,630.5410821643287,0.5988465716144724
aducanumab,631.9839679358718,0.597628546179495
aducanumab,633.4268537074149,0.5964137777601387
aducanumab,634.869739478958,0.5952022368249876
aducanumab,636.312625250501,0.5939938945333966
aducanumab,637.7555110220442,0.5927887227167989
aducanumab,639.1983967935872,0.5915866938605268
aducanumab,640.6412825651303,0.5903877810861267
aducanumab,642.0841683366734,0.5891919581341618
aducanumab,643.5270541082165,0.5879991993474841
aducanumab,644.9699398797595,0.586809479654963
aducanumab,646.4128256513027,0.5856227745556619
aducanumab,647.8557114228457,0.5844390601034456
aducanumab,649.2985971943888,0.5832583128920102
aducanumab,650.7414829659319,0.5820805100403221
aducanumab,652.184368737475,0.5809056291784566
aducanumab,653.627254509018,0.579733648433822
aducanumab,655.0701402805612,0.5785645464177633
aducanumab,656.5130260521042,0.5773983022125309
aducanumab,657.9559118236474,0.5762348953586047
aducanumab,659.3987975951904,0.5750743058423688
aducanumab,660.8416833667335,0.5739165140841198
aducanumab,662.2845691382767,0.572761500926405
aducanumab,663.7274549098197,0.5716092476226793
aducanumab,665.1703406813627,0.5704597358262721
aducanumab,666.6132264529059,0.569312947579657
aducanumab,668.056112224449,0.5681688653040142
aducanumab,669.498997995992,0.5670274717890789
aducanumab,670.9418837675352,0.5658887501832663
aducanumab,672.3847695390782,0.5647526839840692
aducanumab,673.8276553106213,0.5636192570287157
aducanumab,675.2705410821644,0.5624884534850833
aducanumab,676.7134268537075,0.561360257842862
aducanumab,678.1563126252505,0.5602346549049592
aducanumab,679.5991983967937,0.5591116297791378
aducanumab,681.0420841683367,0.5579911678698861
aducanumab,682.4849699398798,0.5568732548705074
aducanumab,683.9278557114229,0.5557578767554264
aducanumab,685.370741482966,0.5546450197727074
aducanumab,686.813627254509,0.553534670436775
aducanumab,688.2565130260522,0.5524268155213355
aducanumab,689.6993987975952,0.5513214420524913
aducanumab,691.1422845691384,0.5502185373020426
aducanumab,692.5851703406814,0.549118088780974
aducanumab,694.0280561122245,0.5480200842331173
aducanumab,695.4709418837676,0.5469245116289888
aducanumab,696.9138276553107,0.5458313591597944
aducanumab,698.3567134268537,0.5447406152315989
aducanumab,699.7995991983969,0.5436522684596539
aducanumab,701.2424849699399,0.5425663076628822
aducanumab,702.685370741483,0.5414827218585104
aducanumab,704.1282565130261,0.5404015002568515
aducanumab,705.5711422845692,0.5393226322562269
aducanumab,707.0140280561122,0.5382461074380284
aducanumab,708.4569138276554,0.5371719155619155
aducanumab,709.8997995991984,0.5361000465611437
aducanumab,711.3426853707415,0.5350304905380195
aducanumab,712.7855711422847,0.5339632377594807
aducanumab,714.2284569138277,0.5328982786527962
aducanumab,715.6713426853707,0.5318356038013843
aducanumab,717.1142284569139,0.5307752039407445
aducanumab,718.557114228457,0.5297170699545009
aducanumab,720.0,0.5286611928705521
lecanemab,0.0,0.0
lecanemab,0.6733466933867736,155.67198654551385
lecanemab,1.346693386773547,227.9846724205765
lecanemab,2.020040080160321,223.81669077189352
lecanemab,2.693386773547094,219.72826081429642
lecanemab,3.3667334669338675,215.71785276282495
lecanemab,4.040080160320642,211.783966287586
lecanemab,4.713426853707415,207.92512994681155
lecanemab,5.386773547094188,204.13990063025693
lecanemab,6.060120240480962,200.4268630135562
lecanemab,6.733466933867735,196.7846290233834
lecanemab,7.406813627254509,193.21183731234288
lecanemab,8.080160320641284,189.70715274432825
lecanemab,8.753507014028056,186.26926588995624
lecanemab,9.42685370741483,182.8968925311833
lecanemab,10.100200400801603,179.5887731758982
lecanemab,10.773547094188377,176.34367258190946
lecanemab,11.446893787575151,173.160379289618
lecanemab,12.120240480961924,170.03770516417984
lecanemab,12.793587174348698,166.97448494641426
lecanemab,13.46693386773547,163.96957581196952
lecanemab,14.140280561122244,161.02185693947789
lecanemab,14.813627254509019,158.1302290868493
lecanemab,15.486973947895791,155.29361417545292
lecanemab,16.160320641282567,152.51095488277372
lecanemab,16.83366733466934,149.781214242652
lecanemab,17.507014028056112,147.1033752530786
lecanemab,18.180360721442884,144.47644049194807
lecanemab,18.85370741482966,141.89943173989283
lecanemab,19.527054108216433,139.37138961036075
lecanemab,20.200400801603205,136.89137318714265
lecanemab,20.87374749498998,134.45845966853005
lecanemab,21.547094188376754,132.07174401841377
lecanemab,22.220440881763526,129.73033862434076
lecanemab,22.893787575150302,127.43337296179887
lecanemab,23.567134268537075,125.17999326514158
lecanemab,24.240480961923847,122.9693622050035
lecanemab,24.913827655310623,120.80065857158313
lecanemab,25.587174348697395,118.67307696426397
lecanemab,26.260521042084168,116.58582748728722
lecanemab,26.93386773547094,114.5381354509667
lecanemab,27.607214428857716,112.52924107893946
lecanemab,28.28056112224449,110.55839922105778
lecanemab,28.95390781563126,108.62487907153012
lecanemab,29.627254509018037,106.72796389279759
lecanemab,30.30060120240481,104.86695074465965
lecanemab,30.973947895791582,103.04115021839961
lecanemab,31.647294589178358,101.249886176334
lecanemab,32.320641282565134,99.49249549624786
lecanemab,32.9939879759519,97.76832782061231
lecanemab,33.66733466933868,96.07674531090741
lecanemab,34.34068136272545,94.417122406501
lecanemab,35.014028056112224,92.78884558811008
lecanemab,35.687374749499,91.19131314605092
lecanemab,36.36072144288577,89.62393495274702
lecanemab,37.034068136272545,88.08613223963046
lecanemab,37.70741482965932,86.57733737852175
lecanemab,38.38076152304609,85.0969936670015
lecanemab,39.054108216432866,83.64455511798927
lecanemab,39.72745490981964,82.21948625350366
lecanemab,40.40080160320641,80.8212619021755
lecanemab,41.07414829659319,79.44936700078324
lecanemab,41.74749498997996,78.10329639968768
lecanemab,42.42084168336673,76.78255467180566
lecanemab,43.09418837675351,75.48665592542025
lecanemab,43.76753507014028,74.21512362062626
lecanemab,44.44088176352705,72.9674903891213
lecanemab,45.11422845691383,71.74329785764785
lecanemab,45.787575150300604,70.54209647482217
lecanemab,46.46092184368737,69.36344534113762
lecanemab,47.13426853707415,68.20691204243222
lecanemab,47.807615230460925,67.07207248650705
lecanemab,48.480961923847694,65.95851074277374
lecanemab,49.15430861723447,64.86581888517222
lecanemab,49.827655310621246,63.79359683802274
lecanemab,50.501002004008015,62.74145222477781
lecanemab,51.17434869739479,61.70900021984803
lecanemab,51.84769539078157,60.69586340316627
lecanemab,52.521042084168336,59.70167161753129
lecanemab,53.19438877755511,58.726061828831604
lecanemab,53.86773547094188,57.76867798883123
lecanemab,54.54108216432866,56.829170900619204
lecanemab,55.21442885771543,55.90719808675129
lecanemab,55.8877755511022,55.002423659795305
lecanemab,56.56112224448898,54.11451819542666
lecanemab,57.234468937875754,53.24315860803573
lecanemab,57.90781563126252,52.388028028597724
lecanemab,58.5811623246493,51.54881568497872
lecanemab,59.254509018036075,50.72521678458363
lecanemab,59.92785571142284,49.91693239913983
lecanemab,60.60120240480962,49.12366935180216
lecanemab,61.274549098196395,48.3451401064415
lecanemab,61.947895791583164,47.58106265895391
lecanemab,62.62124248496994,46.83116043077753
lecanemab,63.294589178356716,46.09516216444215
lecanemab,63.967935871743485,45.37280182104024
lecanemab,64.64128256513027,44.66381847978885
lecanemab,65.31462925851703,43.96795623948318
lecanemab,65.9879759519038,43.28496412178576
lecanemab,66.66132264529058,42.614595976486825
lecanemab,67.33466933867736,41.95661038852691
lecanemab,68.00801603206413,41.310770586778304
lecanemab,68.6813627254509,40.67684435467676
lecanemab,69.35470941883767,40.054603942499206
lecanemab,70.02805611222445,39.443825981327656
lecanemab,70.70140280561122,38.84429139874479
lecanemab,71.374749498998,38.25578533607129
lecanemab,72.04809619238478,37.67809706721857
lecanemab,72.72144288577154,37.111019919158956
lecanemab,73.39478957915831,36.55435119384412
lecanemab,74.06813627254509,36.0078920916689
lecanemab,74.74148296593187,35.47144763644373
lecanemab,75.41482965931864,34.9448266017317
lecanemab,76.08817635270542,34.42784143866053
lecanemab,76.76152304609218,33.920308205141225
lecanemab,77.43486973947896,33.42204649637576
lecanemab,78.10821643286573,32.93287937676924
lecanemab,78.78156312625251,32.4526333131532
lecanemab,79.45490981963928,31.98113810923009
lecanemab,80.12825651302606,31.518226841352107
lecanemab,80.80160320641282,31.063735795519914
lecanemab,81.4749498997996,30.617504405544985
lecanemab,82.14829659318637,30.179375192473398
lecanemab,82.82164328657315,29.749193705145224
lecanemab,83.49498997995993,29.326808461867017
lecanemab,84.1683366733467,28.912070893271423
lecanemab,84.84168336673346,28.504835286235846
lecanemab,85.51503006012024,28.10495872886774
lecanemab,86.18837675350701,27.71230105660327
lecanemab,86.86172344689379,27.32672479929584
lecanemab,87.53507014028057,26.948095129327235
lecanemab,88.20841683366733,26.576279810759846
lecanemab,88.8817635270541,26.21114914941703
lecanemab,89.55511022044088,25.85257594394277
lecanemab,90.22845691382766,25.50043543783315
lecanemab,90.90180360721443,25.154605272340653
lecanemab,91.57515030060121,24.81496544031456
lecanemab,92.24849699398797,24.48139824094764
lecanemab,92.92184368737475,24.153788235345964
lecanemab,93.59519038076152,23.83202220299149
lecanemab,94.2685370741483,23.515989099049584
lecanemab,94.94188376753507,23.205580012454778
lecanemab,95.61523046092185,22.90068812484602
lecanemab,96.28857715430861,22.601208670289072
lecanemab,96.96192384769539,22.307038895737502
lecanemab,97.63527054108216,22.018078022299594
lecanemab,98.30861723446894,21.734227207237463
lecanemab,98.98196392785572,21.455389506671196
lecanemab,99.65531062124249,21.18146983904354
lecanemab,100.32865731462925,20.91237494926657
lecanemab,101.00200400801603,20.648013373543346
lecanemab,101.6753507014028,20.388295404904355
lecanemab,102.34869739478958,20.133133059380427
lecanemab,103.02204408817636,19.882440042822704
lecanemab,103.69539078156313,19.636131718392132
lecanemab,104.3687374749499,19.394125074644634
lecanemab,105.04208416833667,19.15633869423625
lecanemab,105.71543086172345,18.922692723254166
lecanemab,106.38877755511022,18.69310884110657
lecanemab,107.062124248497,18.467510231006138
lecanemab,107.73547094188376,18.245821551037274
lecanemab,108.40881763527054,18.02796890574963
lecanemab,109.08216432865731,17.81387981831849
lecanemab,109.75551102204409,17.60348320324952
lecanemab,110.42885771543087,17.39670933958029
lecanemab,111.10220440881764,17.193489844621915
lecanemab,111.7755511022044,16.993757648208245
lecanemab,112.44889779559118,16.79744696741511
lecanemab,113.12224448897796,16.604493281793214
lecanemab,113.79559118236473,16.414833309073448
lecanemab,114.46893787575151,16.22840498131932
lecanemab,115.14228456913828,16.045147421565726
lecanemab,115.81563126252505,15.865000920897398
lecanemab,116.48897795591182,15.687906915954558
lecanemab,117.1623246492986,15.51380796689697
lecanemab,117.83567134268537,15.342647735777627
lecanemab,118.50901803607215,15.174370965325826
lecanemab,119.18236472945893,15.00892345816042
lecanemab,119.85571142284569,14.846252056385763
lecanemab,120.52905811623246,14.686304621580097
lecanemab,121.20240480961924,14.529030015186544
lecanemab,121.87575150300601,14.374378079262556
lecanemab,122.54909819639279,14.222299617605342
lecanemab,123.22244488977957,14.072746377253301
lecanemab,123.89579158316633,13.92567103032423
lecanemab,124.5691382765531,13.781027156213163
lecanemab,125.24248496993988,13.63876922414092
lecanemab,125.91583166332666,13.498852576020028
lecanemab,126.58917835671343,13.361233409663823
lecanemab,127.26252505010021,13.225868762322575
lecanemab,127.93587174348697,13.092716494519426
lecanemab,128.60921843687376,12.961735274213094
lecanemab,129.28256513026054,12.832884561265386
lecanemab,129.95591182364728,12.706124592192772
lecanemab,130.62925851703406,12.581416365228389
lecanemab,131.30260521042084,12.458721625667602
lecanemab,131.9759519038076,12.338002851484344
lecanemab,132.6492985971944,12.219223239240812
lecanemab,133.32264529058116,12.102346690261161
lecanemab,133.99599198396794,11.987337797064255
lecanemab,134.66933867735472,11.874161830072454
lecanemab,135.3426853707415,11.762784724566604
lecanemab,136.01603206412827,11.653173067889286
lecanemab,136.68937875751504,11.545294086906928
lecanemab,137.3627254509018,11.43911563570205
lecanemab,138.03607214428857,11.334606183503519
lecanemab,138.70941883767534,11.23173480285885
lecanemab,139.38276553106212,11.130471158022315
lecanemab,140.0561122244489,11.030785493570948
lecanemab,140.72945891783567,10.932648623246495
lecanemab,141.40280561122245,10.836031919000323
lecanemab,142.07615230460922,10.740907300256188
lecanemab,142.749498997996,10.647247223383651
lecanemab,143.42284569138278,10.555024671362977
lecanemab,144.09619238476955,10.464213143657743
lecanemab,144.76953907815633,10.374786646283866
lecanemab,145.44288577154308,10.286719682059667
lecanemab,146.11623246492985,10.199987241053561
lecanemab,146.78957915831663,10.114564791214743
lecanemab,147.4629258517034,10.0304282691757
lecanemab,148.13627254509018,9.947554071242193
lecanemab,148.80961923847696,9.865919044553452
lecanemab,149.48296593186373,9.785500478406423
lecanemab,150.1563126252505,9.706276095756913
lecanemab,150.82965931863728,9.628224044879241
lecanemab,151.50300601202406,9.551322891183018
lecanemab,152.17635270541084,9.475551609196112
lecanemab,152.84969939879758,9.400889574695592
lecanemab,153.52304609218436,9.327316556989262
lecanemab,154.19639278557113,9.254812711352884
lecanemab,154.8697394789579,9.183358571605869
lecanemab,155.5430861723447,9.112935042831296
lecanemab,156.21643286573146,9.0435233942414
lecanemab,156.88977955911824,8.975105252173046
lecanemab,157.56312625250501,8.907662593221325
lecanemab,158.2364729458918,8.841177737508884
lecanemab,158.90981963927857,8.775633342077628
lecanemab,159.58316633266534,8.711012394412348
lecanemab,160.25651302605212,8.647298206090888
lecanemab,160.92985971943887,8.584474406549862
lecanemab,161.60320641282564,8.522524936976055
lecanemab,162.27655310621242,8.461434044315789
lecanemab,162.9498997995992,8.401186275393659
lecanemab,163.62324649298597,8.341766471150766
lecanemab,164.29659318637275,8.283159760992742
lecanemab,164.96993987975952,8.225351557241849
lecanemab,165.6432865731463,8.168327549702179
lecanemab,166.31663326653307,8.112073700327056
lecanemab,166.98997995991985,8.056576237985883
lecanemab,167.66332665330663,8.00182165333757
lecanemab,168.3366733466934,7.9477966937992
lecanemab,169.01002004008015,7.894488358609983
lecanemab,169.68336673346693,7.841883893995224
lecanemab,170.3567134268537,7.789970788419282
lecanemab,171.03006012024048,7.738736767929862
lecanemab,171.70340681362725,7.688169791595901
lecanemab,172.37675350701403,7.638258047028827
lecanemab,173.0501002004008,7.588989945991298
lecanemab,173.72344689378758,7.540354120093385
lecanemab,174.39679358717436,7.492339416567038
lecanemab,175.07014028056113,7.444934894124281
lecanemab,175.7434869739479,7.398129818896916
lecanemab,176.41683366733466,7.351913660450042
lecanemab,177.09018036072143,7.306276087875449
lecanemab,177.7635270541082,7.261206965961022
lecanemab,178.43687374749499,7.216696351429884
lecanemab,179.11022044088176,7.172734489255581
lecanemab,179.78356713426854,7.129311809048108
lecanemab,180.4569138276553,7.086418921506037
lecanemab,181.1302605210421,7.044046614940865
lecanemab,181.80360721442887,7.002185851867257
lecanemab,182.47695390781564,6.960827765656321
lecanemab,183.15030060120242,6.919963657257112
lecanemab,183.8236472945892,6.879584991979501
lecanemab,184.49699398797594,6.839683396337338
lecanemab,185.17034068136272,6.800250654955812
lecanemab,185.8436873747495,6.761278707536046
lecanemab,186.51703406813627,6.72275964587748
lecanemab,187.19038076152304,6.684685710960439
lecanemab,187.86372745490982,6.647049290082212
lecanemab,188.5370741482966,6.609842914048531
lecanemab,189.21042084168337,6.573059254421325
lecanemab,189.88376753507015,6.536691120816653
lecanemab,190.55711422845692,6.500731458255686
lecanemab,191.2304609218437,6.465173344568214
lecanemab,191.90380761523048,6.430009987843349
lecanemab,192.57715430861722,6.395234723930948
lecanemab,193.250501002004,6.360841013991979
lecanemab,193.92384769539078,6.326822442093451
lecanemab,194.59719438877755,6.293172712851669
lecanemab,195.27054108216433,6.259885649121147
lecanemab,195.9438877755511,6.22695518972564
lecanemab,196.61723446893788,6.1943753872351675
lecanemab,197.29058116232466,6.162140405785555
lecanemab,197.96392785571143,6.13024451893798
lecanemab,198.6372745490982,6.0986821075821185
lecanemab,199.31062124248498,6.067447657878857
lecanemab,199.98396793587173,6.036535759241195
lecanemab,200.6573146292585,6.005941102356282
lecanemab,201.33066132264528,5.975658477244306
lecanemab,202.00400801603206,5.945682771353965
lecanemab,202.67735470941884,5.916008967696567
lecanemab,203.3507014028056,5.8866321430145465
lecanemab,204.0240480961924,5.8575474659850375
lecanemab,204.69739478957916,5.8287501954596355
lecanemab,205.37074148296594,5.8002356787363665
lecanemab,206.04408817635272,5.771999349865247
lecanemab,206.7174348697395,5.744036727987666
lecanemab,207.39078156312627,5.716343415705997
lecanemab,208.06412825651302,5.688915097485361
lecanemab,208.7374749498998,5.661747538086936
lecanemab,209.41082164328657,5.6348365810297425
lecanemab,210.08416833667334,5.608178147083127
lecanemab,210.75751503006012,5.581768232788656
lecanemab,211.4308617234469,5.555602909008904
lecanemab,212.10420841683367,5.529678319505477
lecanemab,212.77755511022045,5.503990679544467
lecanemab,213.45090180360722,5.478536274527349
lecanemab,214.124248496994,5.453311458649687
lecanemab,214.79759519038078,5.428312653585359
lecanemab,215.47094188376752,5.403536347195002
lecanemab,216.1442885771543,5.378979092260772
lecanemab,216.81763527054107,5.354637505244856
lecanemab,217.49098196392785,5.330508265071143
lecanemab,218.16432865731463,5.306588111931669
lecanemab,218.8376753507014,5.2828738461152165
lecanemab,219.51102204408818,5.259362326858089
lecanemab,220.18436873747495,5.236050471218152
lecanemab,220.85771543086173,5.212935252969549
lecanemab,221.5310621242485,5.190013701518699
lecanemab,222.20440881763528,5.1672829008420464
lecanemab,222.87775551102206,5.144739988443196
lecanemab,223.5511022044088,5.1223821543304275
lecanemab,224.22444889779558,5.100206640014515
lecanemab,224.89779559118236,5.0782107375247865
lecanemab,225.57114228456913,5.0563917884446425
lecanemab,226.2444889779559,5.034747182966047
lecanemab,226.9178356713427,5.013274358961175
lecanemab,227.59118236472946,4.991970801072663
lecanemab,228.26452905811624,4.970834039821518
lecanemab,228.93787575150301,4.949861650731261
lecanemab,229.6112224448898,4.92905125346977
lecanemab,230.28456913827657,4.908400511007574
lecanemab,230.95791583166334,4.887907128791557
lecanemab,231.6312625250501,4.867568853935437
lecanemab,232.30460921843687,4.84738347442559
lecanemab,232.97795591182364,4.827348818341529
lecanemab,233.65130260521042,4.807462753092265
lecanemab,234.3246492985972,4.7877231846669215
lecanemab,234.99799599198397,4.768128056899404
lecanemab,235.67134268537075,4.748675350747987
lecanemab,236.34468937875752,4.729363083588213
lecanemab,237.0180360721443,4.710189308519251
lecanemab,237.69138276553107,4.69115211368424
lecanemab,238.36472945891785,4.67224962160309
lecanemab,239.0380761523046,4.6534799885181695
lecanemab,239.71142284569137,4.634841403753084
lecanemab,240.38476953907815,4.616332089083128
lecanemab,241.05811623246493,4.597950298118084
lecanemab,241.7314629258517,4.579694315697232
lecanemab,242.40480961923848,4.561562457295341
lecanemab,243.07815631262525,4.543553068440471
lecanemab,243.75150300601203,4.5256645241431475
lecanemab,244.4248496993988,4.5078952283359115
lecanemab,245.09819639278558,4.490243613324108
lecanemab,245.77154308617236,4.472708139247306
lecanemab,246.44488977955913,4.4552872935505015
lecanemab,247.11823647294588,4.437979590466039
lecanemab,247.79158316633266,4.42078357050541
lecanemab,248.46492985971943,4.403697799960368
lecanemab,249.1382765531062,4.3867208704141865
lecanemab,249.81162324649299,4.3698513982621146
lecanemab,250.48496993987976,4.353088024240729
lecanemab,251.15831663326654,4.33642941296685
lecanemab,251.8316633266533,4.319874252485031
lecanemab,252.5050100200401,4.303421253823562
lecanemab,253.17835671342687,4.287069150559465
lecanemab,253.85170340681364,4.270816698391483
lecanemab,254.52505010020042,4.254662674721242
lecanemab,255.19839679358716,4.238605878242824
lecanemab,255.87174348697394,4.222645128539833
lecanemab,256.5450901803607,4.206779265690284
lecanemab,257.2184368737475,4.191007149879353
lecanemab,257.89178356713427,4.17532766101917
lecanemab,258.5651302605211,4.159739698376078
lecanemab,259.2384769539078,4.144242180205253
lecanemab,259.91182364729457,4.128834043391931
lecanemab,260.5851703406814,4.1135142430997895
lecanemab,261.2585170340681,4.098281752426172
lecanemab,261.9318637274549,4.083135562063558
lecanemab,262.6052104208417,4.068074679967854
lecanemab,263.2785571142285,4.053098131033053
lecanemab,263.9519038076152,4.038204956771826
lecanemab,264.62525050100203,4.023394215002568
lecanemab,265.2985971943888,4.008664979542408
lecanemab,265.9719438877756,3.994016339905821
lecanemab,266.6452905811623,3.9794474010094016
lecanemab,267.3186372745491,3.9649572828821307
lecanemab,267.9919839679359,3.9505451203810504
lecanemab,268.6653306613226,3.9362100629127084
lecanemab,269.33867735470943,3.921951274159734
lecanemab,270.0120240480962,3.907767931812605
lecanemab,270.685370741483,3.8936592273068014
lecanemab,271.35871743486973,3.8796243655647946
lecanemab,272.03206412825654,3.8656625647429683
lecanemab,272.7054108216433,3.85177305598362
lecanemab,273.3787575150301,3.8379550831714555
lecanemab,274.05210420841684,3.824207902694844
lecanemab,274.7254509018036,3.8105307832117896
lecanemab,275.3987975951904,3.796923005420141
lecanemab,276.07214428857714,3.783383861832352
lecanemab,276.74549098196394,3.7699126565546286
lecanemab,277.4188376753507,3.7565087050700976
lecanemab,278.0921843687375,3.7431713340262798
lecanemab,278.76553106212424,3.729899881026695
lecanemab,279.43887775551104,3.7166936944262243
lecanemab,280.1122244488978,3.703552133130616
lecanemab,280.7855711422846,3.6904745663997955
lecanemab,281.45891783567134,3.677460373654783
lecanemab,282.1322645290581,3.664508944288501
lecanemab,282.8056112224449,3.651619677480162
lecanemab,283.47895791583164,3.638791982013066
lecanemab,284.15230460921845,3.626025276096089
lecanemab,284.8256513026052,3.6133189871885016
lecanemab,285.498997995992,3.600672551828042
lecanemab,286.17234468937875,3.588085415462482
lecanemab,286.84569138276555,3.5755570322842702
lecanemab,287.5190380761523,3.5630868650683283
lecanemab,288.1923847695391,3.550674385013086
lecanemab,288.86573146292585,3.5383190715844317
lecanemab,289.53907815631266,3.526020412362647
lecanemab,290.2124248496994,3.513777902892406
lecanemab,290.88577154308615,3.501591046535474
lecanemab,291.55911823647295,3.4894593543262946
lecanemab,292.2324649298597,3.4773823448304184
lecanemab,292.9058116232465,3.4653595440054765
lecanemab,293.57915831663325,3.4533904850649195
lecanemab,294.25250501002006,3.4414747083443933
lecanemab,294.9258517034068,3.429611761170537
lecanemab,295.5991983967936,3.417801197732389
lecanemab,296.27254509018036,3.406042578955284
lecanemab,296.94589178356716,3.394335472377006
lecanemab,297.6192384769539,3.3826794520264616
lecanemab,298.29258517034066,3.371074098304631
lecanemab,298.96593186372746,3.359518997867702
lecanemab,299.6392785571142,3.3480137435125648
lecanemab,300.312625250501,3.336557934064439
lecanemab,300.98597194388776,3.325151174266588
lecanemab,301.65931863727457,3.313793074672241
lecanemab,302.3326653306613,3.3024832515385323
lecanemab,303.0060120240481,3.2912213267224066
lecanemab,303.67935871743487,3.2800069275786297
lecanemab,304.35270541082167,3.2688396868596508
lecanemab,305.0260521042084,3.257719242617381
lecanemab,305.69939879759517,3.2466452381069164
lecanemab,306.37274549098197,3.2356173216920174
lecanemab,307.0460921843687,3.2246351467524064
lecanemab,307.7194388777555,3.2136983715928933
lecanemab,308.39278557114227,3.2028066593541484
lecanemab,309.0661322645291,3.191959677925207
lecanemab,309.7394789579158,3.181157099857695
lecanemab,310.4128256513026,3.1703986022815855
lecanemab,311.0861723446894,3.159683866822636
lecanemab,311.7595190380762,3.1490125795214006
lecanemab,312.4328657314629,3.1383844307537148
lecanemab,313.10621242484973,3.127799115152758
lecanemab,313.7795591182365,3.117256331532608
lecanemab,314.4529058116232,3.106755782813167
lecanemab,315.12625250501003,3.0962971759466016
lecanemab,315.7995991983968,3.08588022184517
lecanemab,316.4729458917836,3.0755046353103483
lecanemab,317.14629258517033,3.0651701349634006
lecanemab,317.81963927855713,3.0548764431772226
lecanemab,318.4929859719439,3.0446232860094535
lecanemab,319.1663326653307,3.0344103931369193
lecanemab,319.83967935871743,3.0242374977912894
lecanemab,320.51302605210424,3.014104336695923
lecanemab,321.186372745491,3.004010650003991
lecanemab,321.85971943887773,2.993956181237709
lecanemab,322.53306613226454,2.9839406772287274
lecanemab,323.2064128256513,2.9739638880597052
lecanemab,323.8797595190381,2.9640255670069284
lecanemab,324.55310621242484,2.9541254704840414
lecanemab,325.22645290581164,2.9442633579868733
lecanemab,325.8997995991984,2.93443899203926
lecanemab,326.5731462925852,2.9246521381399138
lecanemab,327.24649298597194,2.9149025647103337
lecanemab,327.91983967935874,2.905190043043634
lecanemab,328.5931863727455,2.895514347254395
lecanemab,329.26653306613224,2.88587525422946
lecanemab,329.93987975951904,2.8762725435796206
lecanemab,330.6132264529058,2.866705997592265
lecanemab,331.2865731462926,2.8571754011849073
lecanemab,331.95991983967934,2.847680541859569
lecanemab,332.63326653306615,2.8382212096580575
lecanemab,333.3066132264529,2.8287971971180865
lecanemab,333.9799599198397,2.819408299230185
lecanemab,334.65330661322645,2.8100543133954767
lecanemab,335.32665330661325,2.8007350393842243
lecanemab,336.0,2.7914502792951463
donepezil,0.0,0.0
donepezil,0.3366733466933868,0.004711727809005602
donepezil,0.6733466933867736,0.007539574961883789
donepezil,1.0100200400801604,0.009230553197412476
donepezil,1.346693386773547,0.01023548357398751
donepezil,1.6833667334669338,0.01082643621468279
donepezil,2.020040080160321,0.011167605137996658
donepezil,2.3567134268537075,0.011358081184774283
donepezil,2.693386773547094,0.011457665459427753
donepezil,3.030060120240481,0.011502447729534446
donepezil,3.3667334669338675,0.011514207982644579
donepezil,3.7034068136272547,0.011506090261377992
donepezil,4.040080160320642,0.011486026820226885
donepezil,4.376753507014028,0.011458804602569232
donepezil,4.713426853707415,0.011427312358569771
donepezil,5.050100200400801,0.011393293280243123
donepezil,5.386773547094188,0.01135779921635752
donepezil,5.7234468937875755,0.01132146479091309
donepezil,6.060120240480962,0.011284672833512375
donepezil,6.396793587174349,0.011247654216509037
donepezil,6.733466933867735,0.01121054810667821
donepezil,7.070140280561122,0.011173438327069277
donepezil,7.406813627254509,0.01113637530136507
donepezil,7.7434869739478955,0.011099389297290464
donepezil,8.080160320641284,0.011062498419001416
donepezil,8.41683366733467,0.011025713430486176
donepezil,8.753507014028056,0.010989040666483835
donepezil,9.090180360721442,0.010952483789220514
donepezil,9.42685370741483,0.010916044848597038
donepezil,9.763527054108216,0.010879724922009908
donepezil,10.100200400801603,0.010843524500481191
donepezil,10.43687374749499,0.010807443721685956
donepezil,10.773547094188377,0.010771482510582452
donepezil,11.110220440881763,0.010735640664280614
donepezil,11.446893787575151,0.010699917903258388
donepezil,11.783567134268537,0.01066431390226905
donepezil,12.120240480961924,0.010628828308991981
donepezil,12.456913827655312,0.010593460755286704
donepezil,12.793587174348698,0.010558210863982927
donepezil,13.130260521042084,0.010523078252976645
donepezil,13.46693386773547,0.01048806253770038
donepezil,13.803607214428858,0.0104531633326123
donepezil,14.140280561122244,0.010418380252093164
donepezil,14.47695390781563,0.010383712910985946
donepezil,14.813627254509019,0.010349160924919802
donepezil,15.150300601202405,0.010314723910503885
donepezil,15.486973947895791,0.010280401485442656
donepezil,15.823647294589179,0.01024619326860376
donepezil,16.160320641282567,0.010212098880057358
donepezil,16.49699398797595,0.010178117941098165
donepezil,16.83366733466934,0.010144250074257111
donepezil,17.170340681362724,0.010110494903306719
donepezil,17.507014028056112,0.01007685205326269
donepezil,17.8436873747495,0.010043321150383236
donepezil,18.180360721442884,0.01000990182216703
donepezil,18.517034068136272,0.009976593697350324
donepezil,18.85370741482966,0.009943396405903608
donepezil,19.190380761523045,0.00991030957902795
donepezil,19.527054108216433,0.009877332849151182
donepezil,19.86372745490982,0.00984446584992399
donepezil,20.200400801603205,0.009811708216215933
donepezil,20.537074148296593,0.009779059584111457
donepezil,20.87374749498998,0.009746519590905892
donepezil,21.210420841683366,0.009714087875101437
donepezil,21.547094188376754,0.00968176407640316
donepezil,21.88376753507014,0.009649547835715006
donepezil,22.220440881763526,0.009617438795135814
donepezil,22.557114228456914,0.009585436597955334
donepezil,22.893787575150302,0.009553540888650278
donepezil,23.230460921843687,0.009521751312880366
donepezil,23.567134268537075,0.009490067517484388
donepezil,23.903807615230463,0.00945848915047629
donepezil,24.240480961923847,0.009427015861041249
donepezil,24.577154308617235,0.009395647299531787
donepezil,24.913827655310623,0.009364383117463886
donepezil,25.250501002004007,0.009333222967513117
donepezil,25.587174348697395,0.009302166503510774
donepezil,25.923847695390783,0.009271213380440032
donepezil,26.260521042084168,0.009240363254432124
donepezil,26.597194388777556,0.009209615782762503
donepezil,26.93386773547094,0.009178970623847052
donepezil,27.27054108216433,0.009148427437238274
donepezil,27.607214428857716,0.009117985883621522
donepezil,27.9438877755511,0.009087645624811222
donepezil,28.28056112224449,0.009057406323747122
donepezil,28.617234468937877,0.009027267644490538
donepezil,28.95390781563126,0.008997229252220632
donepezil,29.29058116232465,0.008967290813230687
donepezil,29.627254509018037,0.008937451994924406
donepezil,29.96392785571142,0.008907712465812201
donepezil,30.30060120240481,0.00887807189550753
donepezil,30.637274549098198,0.008848529954723218
donepezil,30.973947895791582,0.008819086315267797
donepezil,31.31062124248497,0.008789740650041856
donepezil,31.647294589178358,0.008760492633034427
donepezil,31.983967935871743,0.008731341939319334
donepezil,32.320641282565134,0.008702288245051608
donepezil,32.657314629258515,0.00867333122746388
donepezil,32.9939879759519,0.008644470564862792
donepezil,33.33066132264529,0.008615705936625423
donepezil,33.66733466933868,0.008587037023195736
donepezil,34.00400801603207,0.008558463506081021
donepezil,34.34068136272545,0.00852998506784836
donepezil,34.677354709418836,0.008501601392121092
donepezil,35.014028056112224,0.008473312163575315
donepezil,35.35070140280561,0.00844511706793636
donepezil,35.687374749499,0.008417015791975326
donepezil,36.02404809619239,0.008389008023505578
donepezil,36.36072144288577,0.008361093451379288
donepezil,36.69739478957916,0.008333271765483985
donepezil,37.034068136272545,0.008305542656739091
donepezil,37.37074148296593,0.008277905817092509
donepezil,37.70741482965932,0.008250360939517186
donepezil,38.04408817635271,0.00822290771800771
donepezil,38.38076152304609,0.008195545847576906
donepezil,38.71743486973948,0.008168275024252448
donepezil,39.054108216432866,0.008141094945073481
donepezil,39.390781563126254,0.008114005308087265
donepezil,39.72745490981964,0.008087005812345806
donepezil,40.06412825651303,0.008060096157902527
donepezil,40.40080160320641,0.00803327604580892
donepezil,40.7374749498998,0.008006545178111238
donepezil,41.07414829659319,0.00797990325784718
donepezil,41.410821643286575,0.007953349989042593
donepezil,41.74749498997996,0.007926885076708181
donepezil,42.08416833667335,0.007900508226836233
donepezil,42.42084168336673,0.007874219146397353
donepezil,42.75751503006012,0.0078480175433372
donepezil,43.09418837675351,0.00782190312657326
donepezil,43.430861723446895,0.007795875605991592
donepezil,43.76753507014028,0.007769934692443617
donepezil,44.104208416833664,0.0077440800977429045
donepezil,44.44088176352705,0.007718311534661965
donepezil,44.77755511022044,0.00769262871692907
donepezil,45.11422845691383,0.007667031359225061
donepezil,45.450901803607216,0.007641519177180184
donepezil,45.787575150300604,0.007616091887370931
donepezil,46.124248496993985,0.007590749207316894
donepezil,46.46092184368737,0.007565490855477618
donepezil,46.79759519038076,0.007540316551249481
donepezil,47.13426853707415,0.007515226014962576
donepezil,47.47094188376754,0.007490218967877602
donepezil,47.807615230460925,0.007465295132182765
donepezil,48.144288577154306,0.0074404542309907
donepezil,48.480961923847694,0.007415695988335384
donepezil,48.81763527054108,0.007391020129169079
donepezil,49.15430861723447,0.0073664263793592755
donepezil,49.49098196392786,0.007341914465685637
donepezil,49.827655310621246,0.0073174841158369815
donepezil,50.16432865731463,0.007293135058408241
donepezil,50.501002004008015,0.007268867022897455
donepezil,50.8376753507014,0.007244679739702762
donepezil,51.17434869739479,0.007220572940119408
donepezil,51.51102204408818,0.007196546356336757
donepezil,51.84769539078157,0.007172599721435316
donepezil,52.18436873747495,0.007148732769383775
donepezil,52.521042084168336,0.007124945235036045
donepezil,52.857715430861724,0.0071012368541283144
donepezil,53.19438877755511,0.007077607363276119
donepezil,53.5310621242485,0.007054056499971405
donepezil,53.86773547094188,0.007030584002579624
donepezil,54.20440881763527,0.007007189610336817
donepezil,54.54108216432866,0.006983873063346725
donepezil,54.877755511022045,0.006960634102577896
donepezil,55.21442885771543,0.006937472469860811
donepezil,55.55110220440882,0.006914387907885013
donepezil,55.8877755511022,0.006891380160196255
donepezil,56.22444889779559,0.006868448971193638
donepezil,56.56112224448898,0.006845594086126785
donepezil,56.897795591182366,0.006822815251093006
donepezil,57.234468937875754,0.006800112213034473
donepezil,57.57114228456914,0.006777484719735418
donepezil,57.90781563126252,0.006754932519819316
donepezil,58.24448897795591,0.006732455362746112
donepezil,58.5811623246493,0.00671005299880942
donepezil,58.91783567134269,0.006687725179133762
donepezil,59.254509018036075,0.006665471655671793
donepezil,59.59118236472946,0.006643292181201552
donepezil,59.92785571142284,0.006621186509323715
donepezil,60.26452905811623,0.006599154394458851
donepezil,60.60120240480962,0.006577195591844707
donepezil,60.93787575150301,0.006555309857533473
donepezil,61.274549098196395,0.006533496948389082
donepezil,61.61122244488978,0.006511756622084508
donepezil,61.947895791583164,0.006490088637099073
donepezil,62.28456913827655,0.0064684927527157605
donepezil,62.62124248496994,0.006446968729018545
donepezil,62.95791583166333,0.006425516326889728
donepezil,63.294589178356716,0.006404135308007277
donepezil,63.631262525050104,0.0063828254348421804
donepezil,63.967935871743485,0.006361586470655808
donepezil,64.30460921843688,0.006340418179497286
donepezil,64.64128256513027,0.006319320326200867
donepezil,64.97795591182364,0.006298292676383321
donepezil,65.31462925851703,0.006277334996441336
donepezil,65.65130260521042,0.006256447053548916
donepezil,65.9879759519038,0.0062356286156548
donepezil,66.3246492985972,0.006214879451479879
donepezil,66.66132264529058,0.006194199330514631
donepezil,66.99799599198397,0.006173588023016559
donepezil,67.33466933867736,0.006153045300007639
donepezil,67.67134268537075,0.006132570933271771
donepezil,68.00801603206413,0.006112164695352254
donepezil,68.34468937875752,0.006091826359549248
donepezil,68.6813627254509,0.006071555699917266
donepezil,69.01803607214428,0.00605135249126265
donepezil,69.35470941883767,0.006031216509141088
donepezil,69.69138276553106,0.006011147529855105
donepezil,70.02805611222445,0.005991145330451583
donepezil,70.36472945891784,0.005971209688719286
donepezil,70.70140280561122,0.00595134038318639
donepezil,71.03807615230461,0.0059315371931180205
donepezil,71.374749498998,0.005911799898513805
donepezil,71.71142284569139,0.005892128280105423
donepezil,72.04809619238478,0.0058725221193541765
donepezil,72.38476953907816,0.005852981198448556
donepezil,72.72144288577154,0.005833505300301826
donepezil,73.05811623246493,0.005814094208549607
donepezil,73.39478957915831,0.005794747707547481
donepezil,73.7314629258517,0.005775465582368587
donepezil,74.06813627254509,0.005756247618801238
donepezil,74.40480961923848,0.005737093603346541
donepezil,74.74148296593187,0.005718003323216023
donepezil,75.07815631262525,0.005698976566329268
donepezil,75.41482965931864,0.0056800131213115635
donepezil,75.75150300601203,0.005661112777491549
donepezil,76.08817635270542,0.005642275324898875
donepezil,76.42484969939879,0.005623500554261876
donepezil,76.76152304609218,0.005604788257005236
donepezil,77.09819639278557,0.005586138225247683
donepezil,77.43486973947896,0.00556755025179967
donepezil,77.77154308617234,0.005549024130161076
donepezil,78.10821643286573,0.0055305596545189165
donepezil,78.44488977955912,0.005512156619745051
donepezil,78.78156312625251,0.0054938148213939065
donepezil,79.1182364729459,0.005475534055700206
donepezil,79.45490981963928,0.005457314119576707
donepezil,79.79158316633267,0.005439154810611941
donepezil,80.12825651302606,0.0054210559270679685
donepezil,80.46492985971943,0.005403017267878138
donepezil,80.80160320641282,0.0053850386326448445
donepezil,81.13827655310621,0.005367119821637319
donepezil,81.4749498997996,0.005349260635789392
donepezil,81.81162324649299,0.005331460876697296
donepezil,82.14829659318637,0.005313720346617453
donepezil,82.48496993987976,0.0052960388484642774
donepezil,82.82164328657315,0.005278416185807995
donepezil,83.15831663326654,0.005260852162872452
donepezil,83.49498997995993,0.005243346584532943
donepezil,83.83166332665331,0.005225899256314045
donepezil,84.1683366733467,0.005208509984387453
donepezil,84.50501002004007,0.0051911785755698325
donepezil,84.84168336673346,0.005173904837320667
donepezil,85.17835671342685,0.005156688577740121
donepezil,85.51503006012024,0.0051395296055669155
donepezil,85.85170340681363,0.005122427730176189
donepezil,86.18837675350701,0.005105382761577393
donepezil,86.5250501002004,0.005088394510412172
donepezil,86.86172344689379,0.0050714627879522665
donepezil,87.19839679358718,0.005054587406097414
donepezil,87.53507014028057,0.005037768177373256
donepezil,87.87174348697395,0.00502100491492926
donepezil,88.20841683366733,0.005004297432536643
donepezil,88.54509018036072,0.004987645544586299
donepezil,88.8817635270541,0.004971049066086744
donepezil,89.21843687374749,0.004954507812662049
donepezil,89.55511022044088,0.004938021600549807
donepezil,89.89178356713427,0.004921590246599079
donepezil,90.22845691382766,0.004905213568268365
donepezil,90.56513026052104,0.004888891383623576
donepezil,90.90180360721443,0.0048726235113360095
donepezil,91.23847695390782,0.004856409770680341
donepezil,91.57515030060121,0.004840249981532611
donepezil,91.9118236472946,0.004824143964368224
donepezil,92.24849699398797,0.004808091540259959
donepezil,92.58517034068136,0.004792092530875974
donepezil,92.92184368737475,0.004776146758477834
donepezil,93.25851703406813,0.0047602540459185305
donepezil,93.59519038076152,0.004744414216640512
donepezil,93.93186372745491,0.00472862709467373
donepezil,94.2685370741483,0.004712892504633674
donepezil,94.60521042084169,0.0046972102717194346
donepezil,94.94188376753507,0.004681580221711749
donepezil,95.27855711422846,0.004666002180971079
donepezil,95.61523046092185,0.0046504759764356704
donepezil,95.95190380761524,0.004635001435619635
donepezil,96.28857715430861,0.004619578386611036
donepezil,96.625250501002,0.0046042066580699766
donepezil,96.96192384769539,0.004588886079226696
donepezil,97.29859719438878,0.0045736164798796716
donepezil,97.63527054108216,0.004558397690393732
donepezil,97.97194388777555,0.004543229541698169
donepezil,98.30861723446894,0.004528111865284859
donepezil,98.64529058116233,0.004513044493206393
donepezil,98.98196392785572,0.0044980272580742095
donepezil,99.3186372745491,0.004483059993056735
donepezil,99.65531062124249,0.004468142531877533
donepezil,99.99198396793587,0.004453274708813452
donepezil,100.32865731462925,0.00443845635869279
donepezil,100.66533066132264,0.004423687316893454
donepezil,101.00200400801603,0.004408967419341136
donepezil,101.33867735470942,0.0043942965025074885
donepezil,101.6753507014028,0.004379674403408305
donepezil,102.0120240480962,0.004365100959601713
donepezil,102.34869739478958,0.0043505760091863705
donepezil,102.68537074148297,0.004336099390799661
donepezil,103.02204408817636,0.004321670943615908
donepezil,103.35871743486975,0.004307290507344583
donepezil,103.69539078156313,0.00429295792222853
donepezil,104.03206412825651,0.004278673029042185
donepezil,104.3687374749499,0.00426443566908981
donepezil,104.70541082164328,0.0042502456842037325
donepezil,105.04208416833667,0.004236102916742584
donepezil,105.37875751503006,0.0042220072095895496
donepezil,105.71543086172345,0.004207958406150623
donepezil,106.05210420841684,0.004193956350352871
donepezil,106.38877755511022,0.004180000886642691
donepezil,106.72545090180361,0.004166091859984094
donepezil,107.062124248497,0.004152229115856967
donepezil,107.39879759519039,0.004138412500255373
donepezil,107.73547094188376,0.0041246418596858295
donepezil,108.07214428857715,0.004110917041165606
donepezil,108.40881763527054,0.004097237892221026
donepezil,108.74549098196393,0.0040836042608857715
donepezil,109.08216432865731,0.004070015995699196
donepezil,109.4188376753507,0.0040564729457046355
donepezil,109.75551102204409,0.004042974960447745
donepezil,110.09218436873748,0.004029521889974815
donepezil,110.42885771543087,0.004016113584831109
donepezil,110.76553106212425,0.004002749896059205
donepezil,111.10220440881764,0.0039894306751973386
donepezil,111.43887775551103,0.003976155774277755
donepezil,111.7755511022044,0.003962925045825066
donepezil,112.11222444889779,0.003949738342854607
donepezil,112.44889779559118,0.003936595518870811
donepezil,112.78557114228457,0.003923496427865576
donepezil,113.12224448897796,0.003910440924316645
donepezil,113.45891783567134,0.003897428863185988
donepezil,113.79559118236473,0.0038844600999181924
donepezil,114.13226452905812,0.003871534490438855
donepezil,114.46893787575151,0.0038586518911529846
donepezil,114.8056112224449,0.0038458121589434045
donepezil,115.14228456913828,0.0038330151511691626
donepezil,115.47895791583167,0.0038202607256639454
donepezil,115.81563126252505,0.0038075487407345037
donepezil,116.15230460921843,0.003794879055159071
donepezil,116.48897795591182,0.003782251528185803
donepezil,116.82565130260521,0.003769666019531206
donepezil,117.1623246492986,0.0037571223893785853
donepezil,117.49899799599199,0.003744620498376486
donepezil,117.83567134268537,0.003732160207637149
donepezil,118.17234468937876,0.003719741378734966
donepezil,118.50901803607215,0.003707363873704944
donepezil,118.84569138276554,0.003695027555041168
donepezil,119.18236472945893,0.00368273228569528
donepezil,119.5190380761523,0.0036704779290749495
donepezil,119.85571142284569,0.003658264349042361
donepezil,120.19238476953907,0.0036460914099127
donepezil,120.52905811623246,0.0036339589764526445
donepezil,120.86573146292585,0.003621866913878865
donepezil,121.20240480961924,0.003609815087856527
donepezil,121.53907815631263,0.003597803364497795
donepezil,121.87575150300601,0.0035858316103603476
donepezil,122.2124248496994,0.0035738996924458977
donepezil,122.54909819639279,0.00356200747819871
donepezil,122.88577154308618,0.003550154835504132
donepezil,123.22244488977957,0.0035383416326871244
donepezil,123.55911823647294,0.0035265677385108002
donepezil,123.89579158316633,0.0035148330221749626
donepezil,124.23246492985972,0.003503137353314658
donepezil,124.5691382765531,0.003491480601998721
donepezil,124.90581162324649,0.0034798626387283387
donepezil,125.24248496993988,0.003468283334435604
donepezil,125.57915831663327,0.0034567425604820888
donepezil,125.91583166332666,0.0034452401886574083
donepezil,126.25250501002004,0.0034337760911778018
donepezil,126.58917835671343,0.003422350140684712
donepezil,126.92585170340682,0.003410962210243368
donepezil,127.26252505010021,0.003399612173341377
donepezil,127.59919839679358,0.00338829990388732
donepezil,127.93587174348697,0.003377025276209346
donepezil,128.27254509018036,0.0033657881650537825
donepezil,128.60921843687376,0.0033545884455837387
donepezil,128.94589178356713,0.003343425993377724
donepezil,129.28256513026054,0.0033323006844282574
donepezil,129.6192384769539,0.003321212395140499
donepezil,129.95591182364728,0.0033101610023308727
donepezil,130.2925851703407,0.0032991463832256944
donepezil,130.62925851703406,0.003288168415459817
donepezil,130.96593186372746,0.0032772269770752595
donepezil,131.30260521042084,0.0032663219465198646
donepezil,131.63927855711424,0.0032554532026459354
donepezil,131.9759519038076,0.003244620624708903
donepezil,132.31262525050101,0.0032338240923659722
donepezil,132.6492985971944,0.003223063485674795
donepezil,132.9859719438878,0.003212338685092129
donepezil,133.32264529058116,0.003201649571472519
donepezil,133.65931863727454,0.0031909960260669656
donepezil,133.99599198396794,0.0031803779305216084
donepezil,134.3326653306613,0.0031697951668764137
donepezil,134.66933867735472,0.0031592476175638603
donepezil,135.0060120240481,0.0031487351654076352
donepezil,135.3426853707415,0.003138257693621331
donepezil,135.67935871743487,0.003127815085807152
donepezil,136.01603206412827,0.0031174072259546144
donepezil,136.35270541082164,0.003107033998439264
donepezil,136.68937875751504,0.003096695288021387
donepezil,137.02605210420842,0.003086390979844736
donepezil,137.3627254509018,0.0030761209594352434
donepezil,137.6993987975952,0.0030658851126997588
donepezil,138.03607214428857,0.003055683325924783
donepezil,138.37274549098197,0.0030455154857751934
donepezil,138.70941883767534,0.0030353814792929965
donepezil,139.04609218436875,0.003025281193896069
donepezil,139.38276553106212,0.0030152145173769035
donepezil,139.71943887775552,0.0030051813379013657
donepezil,140.0561122244489,0.002995181544007455
donepezil,140.3927855711423,0.0029852150246040573
donepezil,140.72945891783567,0.00297528166896972
donepezil,141.06613226452905,0.0029653813667514166
donepezil,141.40280561122245,0.0029555140079633216
donepezil,141.73947895791582,0.0029456794829855913
donepezil,142.07615230460922,0.002935877682563141
donepezil,142.4128256513026,0.002926108497804438
donepezil,142.749498997996,0.002916371820180285
donepezil,143.08617234468937,0.0029066675415226188
donepezil,143.42284569138278,0.0028969955540233054
donepezil,143.75951903807615,0.0028873557502329494
donepezil,144.09619238476955,0.0028777480230596886
donepezil,144.43286573146293,0.002868172265768016
donepezil,144.76953907815633,0.002858628371977586
donepezil,145.1062124248497,0.002849116235662037
donepezil,145.44288577154308,0.00283963575114781
donepezil,145.77955911823648,0.002830186813112979
donepezil,146.11623246492985,0.002820769316586078
donepezil,146.45290581162325,0.002811383156944933
donepezil,146.78957915831663,0.002802028229915506
donepezil,147.12625250501003,0.00279270443157073
donepezil,147.4629258517034,0.0027834116583293584
donepezil,147.7995991983968,0.002774149806954811
donepezil,148.13627254509018,0.002764918774554033
donepezil,148.47294589178358,0.002755718458576344
donepezil,148.80961923847696,0.0027465487568123052
donepezil,149.14629258517033,0.002737409567392581
donepezil,149.48296593186373,0.0027283007887868066
donepezil,149.8196392785571,0.0027192223198024643
donepezil,150.1563126252505,0.0027101740595837517
donepezil,150.49298597194388,0.002701155907610471
donepezil,150.82965931863728,0.002692167763696903
donepezil,151.16633266533066,0.0026832095279907004
donepezil,151.50300601202406,0.0026742811009717762
donepezil,151.83967935871743,0.002665382383451197
donepezil,152.17635270541084,0.0026565132765700833
donepezil,152.5130260521042,0.0026476736817985114
donepezil,152.84969939879758,0.002638863500934415
donepezil,153.18637274549098,0.0026300826361024985
donepezil,153.52304609218436,0.002621330989753148
donepezil,153.85971943887776,0.002612608464661348
donepezil,154.19639278557113,0.0026039149639256
donepezil,154.53306613226454,0.002595250390966847
donepezil,154.8697394789579,0.0025866146495274024
donepezil,155.2064128256513,0.002578007643669876
donepezil,155.5430861723447,0.0025694292777761127
donepezil,155.8797595190381,0.002560879456546128
donepezil,156.21643286573146,0.00255235808499705
donepezil,156.55310621242486,0.002543865068462063
donepezil,156.88977955911824,0.002535400312589359
donepezil,157.2264529058116,0.002526963723341086
donepezil,157.56312625250501,0.0025185552069923027
donepezil,157.8997995991984,0.002510174670129942
donepezil,158.2364729458918,0.0025018220196517697
donepezil,158.57314629258516,0.0024934971627653506
donepezil,158.90981963927857,0.002485200006987017
donepezil,159.24649298597194,0.0024769304601408456
donepezil,159.58316633266534,0.0024686884303576255
donepezil,159.91983967935872,0.002460473826073846
donepezil,160.25651302605212,0.0024522865560306726
donepezil,160.5931863727455,0.0024441265292729393
donepezil,160.92985971943887,0.002435993655148133
donepezil,161.26653306613227,0.0024278878433053874
donepezil,161.60320641282564,0.0024198090036944833
donepezil,161.93987975951904,0.0024117570465648436
donepezil,162.27655310621242,0.0024037318824645373
donepezil,162.61322645290582,0.0023957334222392862
donepezil,162.9498997995992,0.0023877615770314773
donepezil,163.2865731462926,0.002379816258279168
donepezil,163.62324649298597,0.002371897377715112
donepezil,163.95991983967937,0.002364004847365771
donepezil,164.29659318637275,0.002356138579550341
donepezil,164.63326653306612,0.0023482984868797773
donepezil,164.96993987975952,0.002340484482255823
donepezil,165.3066132264529,0.002332696478870044
donepezil,165.6432865731463,0.0023249343902028603
donepezil,165.97995991983967,0.0023171981300225916
donepezil,166.31663326653307,0.0023094876123844897
donepezil,166.65330661322645,0.002301802751629793
donepezil,166.98997995991985,0.002294143462384768
donepezil,167.32665330661322,0.0022865096595597674
donepezil,167.66332665330663,0.002278901258348277
donepezil,168.0,0.0022713181742259818
memantine,0.0,0.0
memantine,0.3366733466933868,0.007481246211226165
memantine,0.6733466933867736,0.013168399385532648
memantine,1.0100200400801604,0.0174851749225516
memantine,1.346693386773547,0.0207552420711974
memantine,1.6833667334669338,0.02322584637781815
memantine,2.020040080160321,0.025085854508219804
memantine,2.3567134268537075,0.026479538407536626
memantine,2.693386773547094,0.02751710480631675
memantine,3.030060120240481,0.02828273854702366
memantine,3.3667334669338675,0.02884074675648576
memantine,3.7034068136272547,0.02924025228399976
memantine,4.040080160320642,0.029518778945951302
memantine,4.376753507014028,0.02970499023860959
memantine,4.713426853707415,0.029820781398380052
memantine,5.050100200400801,0.029882877494202518
memantine,5.386773547094188,0.029904054185561055
memantine,5.7234468937875755,0.029894070240602765
memantine,6.060120240480962,0.029860379872271123
memantine,6.396793587174349,0.02980867688083313
memantine,6.733466933867735,0.029743310315917478
memantine,7.070140280561122,0.029667601994298465
memantine,7.406813627254509,0.029584089046805193
memantine,7.7434869739478955,0.029494709196141552
memantine,8.080160320641284,0.029400942287736483
memantine,8.41683366733467,0.029303918402962252
memantine,8.753507014028056,0.029204500445141394
memantine,9.090180360721442,0.029103347225712728
memantine,9.42685370741483,0.029000961654771087
memantine,9.763527054108216,0.02889772755306896
memantine,10.100200400801603,0.028793937772129304
memantine,10.43687374749499,0.028689815674759186
memantine,10.773547094188377,0.02858553154367656
memantine,11.110220440881763,0.028481215115801265
memantine,11.446893787575151,0.028376965157001013
memantine,11.783567134268537,0.028272856776086805
memantine,12.120240480961924,0.028168947011856058
memantine,12.456913827655312,0.02806527910094366
memantine,12.793587174348698,0.02796188573796266
memantine,13.130260521042084,0.027858791565870608
memantine,13.46693386773547,0.02775601507831732
memantine,13.803607214428858,0.027653570072814247
memantine,14.140280561122244,0.02755146676078357
memantine,14.47695390781563,0.027449712615502966
memantine,14.813627254509019,0.027348313019832968
memantine,15.150300601202405,0.027247271761001453
memantine,15.486973947895791,0.02714659140855733
memantine,15.823647294589179,0.027046273603079093
memantine,16.160320641282567,0.02694631927671037
memantine,16.49699398797595,0.026846728821619266
memantine,16.83366733466934,0.026747502218677374
memantine,17.170340681362724,0.02664863913575137
memantine,17.507014028056112,0.026550139002782042
memantine,17.8436873747495,0.0264520010691317
memantine,18.180360721442884,0.02635422444738661
memantine,18.517034068136272,0.026256808146812718
memantine,18.85370741482966,0.026159751098907648
memantine,19.190380761523045,0.026063052176915215
memantine,19.527054108216433,0.02596671021072799
memantine,19.86372745490982,0.025870723998266912
memantine,20.200400801603205,0.025775092314169735
memantine,20.537074148296593,0.025679813916423832
memantine,20.87374749498998,0.02558488755142867
memantine,21.210420841683366,0.02549031195785875
memantine,21.547094188376754,0.02539608586961033
memantine,21.88376753507014,0.02530220801804822
memantine,22.220440881763526,0.02520867713371789
memantine,22.557114228456914,0.025115491947649282
memantine,22.893787575150302,0.025022651192348595
memantine,23.230460921843687,0.02493015360255185
memantine,23.567134268537075,0.02483799791579644
memantine,23.903807615230463,0.02474618287285366
memantine,24.240480961923847,0.02465470721805509
memantine,24.577154308617235,0.024563569699537848
memantine,24.913827655310623,0.024472769069427948
memantine,25.250501002004007,0.02438230408397638
memantine,25.587174348697395,0.024292173503659018
memantine,25.923847695390783,0.02420237609324903
memantine,26.260521042084168,0.024112910621868204
memantine,26.597194388777556,0.02402377586302222
memantine,26.93386773547094,0.02393497059462366
memantine,27.27054108216433,0.02384649359900569
memantine,27.607214428857716,0.023758343662928606
memantine,27.9438877755511,0.023670519577580953
memantine,28.28056112224449,0.023583020138576515
memantine,28.617234468937877,0.023495844145948134
memantine,28.95390781563126,0.023408990404139206
memantine,29.29058116232465,0.02332245772199331
memantine,29.627254509018037,0.023236244912742475
memantine,29.96392785571142,0.023150350793994467
memantine,30.30060120240481,0.023064774187719232
memantine,30.637274549098198,0.02297951392023483
memantine,30.973947895791582,0.022894568822192887
memantine,31.31062124248497,0.022809937728563764
memantine,31.647294589178358,0.0227256194786215
memantine,31.983967935871743,0.02264161291592859
memantine,32.320641282565134,0.022557916888320657
memantine,32.657314629258515,0.022474530247891082
memantine,32.9939879759519,0.02239145185097554
memantine,33.33066132264529,0.02230868055813656
memantine,33.66733466933868,0.02222621523414809
memantine,34.00400801603207,0.022144054747980087
memantine,34.34068136272545,0.02206219797278305
memantine,34.677354709418836,0.0219806437858727
memantine,35.014028056112224,0.021899391068714635
memantine,35.35070140280561,0.021818438706909023
memantine,35.687374749499,0.02173778559017535
memantine,36.02404809619239,0.021657430612337242
memantine,36.36072144288577,0.0215773726713073
memantine,36.69739478957916,0.021497610669072
memantine,37.034068136272545,0.021418143511676653
memantine,37.37074148296593,0.0213389701092104
memantine,37.70741482965932,0.021260089375791286
memantine,38.04408817635271,0.021181500229551366
memantine,38.38076152304609,0.021103201592621846
memantine,38.71743486973948,0.021025192391118355
memantine,39.054108216432866,0.020947471555126173
memantine,39.390781563126254,0.020870038018685574
memantine,39.72745490981964,0.020792890719777225
memantine,40.06412825651303,0.020716028600307593
memantine,40.40080160320641,0.02063945060609444
memantine,40.7374749498998,0.020563155686852387
memantine,41.07414829659319,0.02048714279617848
memantine,41.410821643286575,0.020411410891537862
memantine,41.74749498997996,0.020335958934249464
memantine,42.08416833667335,0.020260785889471753
memantine,42.42084168336673,0.020185890726188562
memantine,42.75751503006012,0.020111272417194917
memantine,43.09418837675351,0.020036929939082977
memantine,43.430861723446895,0.019962862272227988
memantine,43.76753507014028,0.019889068400774285
memantine,44.104208416833664,0.019815547312621393
memantine,44.44088176352705,0.019742297999410095
memantine,44.77755511022044,0.019669319456508662
memantine,45.11422845691383,0.019596610682999026
memantine,45.450901803607216,0.01952417068166308
memantine,45.787575150300604,0.019451998458968982
memantine,46.124248496993985,0.01938009302505754
memantine,46.46092184368737,0.019308453393728643
memantine,46.79759519038076,0.01923707858242772
memantine,47.13426853707415,0.019165967612232257
memantine,47.47094188376754,0.019095119507838397
memantine,47.807615230460925,0.019024533297547556
memantine,48.144288577154306,0.01895420801325308
memantine,48.480961923847694,0.018884142690426965
memantine,48.81763527054108,0.018814336368106668
memantine,49.15430861723447,0.018744788088881883
memantine,49.49098196392786,0.018675496898881427
memantine,49.827655310621246,0.01860646184776015
memantine,50.16432865731463,0.018537681988685932
memantine,50.501002004008015,0.018469156378326645
memantine,50.8376753507014,0.018400884076837258
memantine,51.17434869739479,0.01833286414784693
memantine,51.51102204408818,0.018265095658446157
memantine,51.84769539078157,0.01819757767917401
memantine,52.18436873747495,0.018130309284005348
memantine,52.521042084168336,0.01806328955033814
memantine,52.857715430861724,0.017996517558980813
memantine,53.19438877755511,0.017929992394139626
memantine,53.5310621242485,0.01786371314340614
memantine,53.86773547094188,0.01779767889774467
memantine,54.20440881763527,0.01773188875147984
memantine,54.54108216432866,0.01766634180228416
memantine,54.877755511022045,0.017601037151165635
memantine,55.21442885771543,0.017535973902455454
memantine,55.55110220440882,0.017471151163795696
memantine,55.8877755511022,0.017406568046127092
memantine,56.22444889779559,0.017342223663676833
memantine,56.56112224448898,0.017278117133946416
memantine,56.897795591182366,0.017214247577699546
memantine,57.234468937875754,0.017150614118950084
memantine,57.57114228456914,0.017087215884950012
memantine,57.90781563126252,0.01702405200617748
memantine,58.24448897795591,0.01696112161632488
memantine,58.5811623246493,0.016898423852286956
memantine,58.91783567134269,0.016835957854148965
memantine,59.254509018036075,0.0167737227651749
memantine,59.59118236472946,0.016711717731795722
memantine,59.92785571142284,0.016649941903597656
memantine,60.26452905811623,0.01658839443331054
memantine,60.60120240480962,0.016527074476796185
memantine,60.93787575150301,0.01646598119303681
memantine,61.274549098196395,0.01640511374412351
memantine,61.61122244488978,0.016344471295244748
memantine,61.947895791583164,0.01628405301467493
memantine,62.28456913827655,0.016223858073762972
memantine,62.62124248496994,0.016163885646920957
memantine,62.95791583166333,0.01610413491161279
memantine,63.294589178356716,0.016044605048342934
memantine,63.631262525050104,0.015985295240645164
memantine,63.967935871743485,0.015926204675071366
memantine,64.30460921843688,0.015867332541180394
memantine,64.64128256513027,0.015808678031526933
memantine,64.97795591182364,0.015750240341650446
memantine,65.31462925851703,0.015692018670064117
memantine,65.65130260521042,0.015634012218243887
memantine,65.9879759519038,0.015576220190617478
memantine,66.3246492985972,0.015518641794553497
memantine,66.66132264529058,0.015461276240350553
memantine,66.99799599198397,0.015404122741226435
memantine,67.33466933867736,0.015347180513307315
memantine,67.67134268537075,0.015290448775617003
memantine,68.00801603206413,0.015233926750066235
memantine,68.34468937875752,0.015177613661441988
memantine,68.6813627254509,0.015121508737396873
memantine,69.01803607214428,0.015065611208438516
memantine,69.35470941883767,0.01500992030791902
memantine,69.69138276553106,0.014954435272024448
memantine,70.02805611222445,0.014899155339764344
memantine,70.36472945891784,0.014844079752961297
memantine,70.70140280561122,0.014789207756240538
memantine,71.03807615230461,0.014734538597019595
memantine,71.374749498998,0.014680071525497952
memantine,71.71142284569139,0.014625805794646776
memantine,72.04809619238478,0.014571740660198668
memantine,72.38476953907816,0.014517875380637459
memantine,72.72144288577154,0.014464209217188039
memantine,73.05811623246493,0.014410741433806214
memantine,73.39478957915831,0.014357471297168628
memantine,73.7314629258517,0.014304398076662693
memantine,74.06813627254509,0.014251521044376575
memantine,74.40480961923848,0.01419883947508921
memantine,74.74148296593187,0.01414635264626035
memantine,75.07815631262525,0.014094059838020659
memantine,75.41482965931864,0.014041960333161846
memantine,75.75150300601203,0.013990053417126816
memantine,76.08817635270542,0.013938338377999876
memantine,76.42484969939879,0.013886814506496977
memantine,76.76152304609218,0.013835481095955969
memantine,77.09819639278557,0.013784337442326924
memantine,77.43486973947896,0.013733382844162473
memantine,77.77154308617234,0.013682616602608198
memantine,78.10821643286573,0.013632038021393024
memantine,78.44488977955912,0.013581646406819687
memantine,78.78156312625251,0.013531441067755215
memantine,79.1182364729459,0.013481421315621448
memantine,79.45490981963928,0.013431586464385598
memantine,79.79158316633267,0.013381935830550834
memantine,80.12825651302606,0.01333246873314691
memantine,80.46492985971943,0.013283184493720828
memantine,80.80160320641282,0.013234082436327526
memantine,81.13827655310621,0.013185161887520617
memantine,81.4749498997996,0.013136422176343148
memantine,81.81162324649299,0.01308786263431839
memantine,82.14829659318637,0.013039482595440684
memantine,82.48496993987976,0.012991281396166298
memantine,82.82164328657315,0.012943258375404323
memantine,83.15831663326654,0.012895412874507616
memantine,83.49498997995993,0.012847744237263762
memantine,83.83166332665331,0.012800251809886063
memantine,84.1683366733467,0.012752934941004596
memantine,84.50501002004007,0.012705792981657254
memantine,84.84168336673346,0.012658825285280857
memantine,85.17835671342685,0.012612031207702287
memantine,85.51503006012024,0.012565410107129646
memantine,85.85170340681363,0.012518961344143457
memantine,86.18837675350701,0.012472684281687896
memantine,86.5250501002004,0.012426578285062053
memantine,86.86172344689379,0.012380642721911219
memantine,87.19839679358718,0.01233487696221823
memantine,87.53507014028057,0.012289280378294815
memantine,87.87174348697395,0.012243852344772986
memantine,88.20841683366733,0.012198592238596465
memantine,88.54509018036072,0.012153499439012132
memantine,88.8817635270541,0.01210857332756153
memantine,89.21843687374749,0.012063813288072356
memantine,89.55511022044088,0.012019218706650028
memantine,89.89178356713427,0.01197478897166927
memantine,90.22845691382766,0.011930523473765695
memantine,90.56513026052104,0.011886421605827481
memantine,90.90180360721443,0.01184248276298703
memantine,91.23847695390782,0.011798706342612666
memantine,91.57515030060121,0.011755091744300375
memantine,91.9118236472946,0.011711638369865577
memantine,92.24849699398797,0.011668345623334913
memantine,92.58517034068136,0.011625212910938069
memantine,92.92184368737475,0.011582239641099645
memantine,93.25851703406813,0.011539425224431032
memantine,93.59519038076152,0.011496769073722324
memantine,93.93186372745491,0.011454270603934277
memantine,94.2685370741483,0.011411929232190277
memantine,94.60521042084169,0.01136974437776834
memantine,94.94188376753507,0.011327715462093166
memantine,95.27855711422846,0.01128584190872819
memantine,95.61523046092185,0.011244123143367663
memantine,95.95190380761524,0.01120255859382881
memantine,96.28857715430861,0.011161147690043954
memantine,96.625250501002,0.011119889864052698
memantine,96.96192384769539,0.011078784549994159
memantine,97.29859719438878,0.011037831184099183
memantine,97.63527054108216,0.01099702920468262
memantine,97.97194388777555,0.010956378052135623
memantine,98.30861723446894,0.010915877168917974
memantine,98.64529058116233,0.010875525999550432
memantine,98.98196392785572,0.010835323990607118
memantine,99.3186372745491,0.010795270590707921
memantine,99.65531062124249,0.010755365250510941
memantine,99.99198396793587,0.010715607422704956
memantine,100.32865731462925,0.010675996562001902
memantine,100.66533066132264,0.010636532125129411
memantine,101.00200400801603,0.01059721357082335
memantine,101.33867735470942,0.010558040359820397
memantine,101.6753507014028,0.010519011954850657
memantine,102.0120240480962,0.010480127820630278
memantine,102.34869739478958,0.010441387423854117
memantine,102.68537074148297,0.010402790233188419
memantine,103.02204408817636,0.010364335719263543
memantine,103.35871743486975,0.010326023354666687
memantine,103.69539078156313,0.010287852613934667
memantine,104.03206412825651,0.010249822973546699
memantine,104.3687374749499,0.010211933911917223
memantine,104.70541082164328,0.010174184909388756
memantine,105.04208416833667,0.010136575448224754
memantine,105.37875751503006,0.010099105012602517
memantine,105.71543086172345,0.010061773088606115
memantine,106.05210420841684,0.010024579164219335
memantine,106.38877755511022,0.009987522729318658
memantine,106.72545090180361,0.009950603275666282
memantine,107.062124248497,0.009913820296903117
memantine,107.39879759519039,0.009877173288541867
memantine,107.73547094188376,0.009840661747960102
memantine,108.07214428857715,0.009804285174393365
memantine,108.40881763527054,0.009768043068928296
memantine,108.74549098196393,0.009731934934495813
memantine,109.08216432865731,0.009695960275864265
memantine,109.4188376753507,0.009660118599632657
memantine,109.75551102204409,0.00962440941422388
memantine,110.09218436873748,0.00958883222987797
memantine,110.42885771543087,0.009553386558645384
memantine,110.76553106212425,0.009518071914380317
memantine,111.10220440881764,0.009482887812734027
memantine,111.43887775551103,0.0094478337711482
memantine,111.7755511022044,0.009412909308848324
memantine,112.11222444889779,0.00937811394683709
memantine,112.44889779559118,0.009343447207887842
memantine,112.78557114228457,0.009308908616538016
memantine,113.12224448897796,0.009274497699082616
memantine,113.45891783567134,0.009240213983567735
memantine,113.79559118236473,0.009206056999784065
memantine,114.13226452905812,0.009172026279260453
memantine,114.46893787575151,0.009138121355257475
memantine,114.8056112224449,0.009104341762761045
memantine,115.14228456913828,0.009070687038476017
memantine,115.47895791583167,0.009037156720819851
memantine,115.81563126252505,0.00900375034991627
memantine,116.15230460921843,0.008970467467588953
memantine,116.48897795591182,0.00893730761735526
memantine,116.82565130260521,0.008904270344419962
memantine,117.1623246492986,0.008871355195669008
memantine,117.49899799599199,0.00883856171966331
memantine,117.83567134268537,0.008805889466632546
memantine,118.17234468937876,0.008773337988469004
memantine,118.50901803607215,0.008740906838721418
memantine,118.84569138276554,0.008708595572588868
memantine,119.18236472945893,0.008676403746914653
memantine,119.5190380761523,0.008644330920180233
memantine,119.85571142284569,0.008612376652499162
memantine,120.19238476953907,0.00858054050561107
memantine,120.52905811623246,0.00854882204287563
memantine,120.86573146292585,0.008517220829266585
memantine,121.20240480961924,0.008485736431365784
memantine,121.53907815631263,0.008454368417357222
memantine,121.87575150300601,0.008423116357021131
memantine,122.2124248496994,0.008391979821728075
memantine,122.54909819639279,0.00836095838443307
memantine,122.88577154308618,0.008330051619669734
memantine,123.22244488977957,0.008299259103544438
memantine,123.55911823647294,0.008268580413730506
memantine,123.89579158316633,0.00823801512946241
memantine,124.23246492985972,0.008207562831530017
memantine,124.5691382765531,0.008177223102272816
memantine,124.90581162324649,0.008146995525574213
memantine,125.24248496993988,0.008116879686855809
memantine,125.57915831663327,0.008086875173071714
memantine,125.91583166332666,0.008056981572702892
memantine,126.25250501002004,0.008027198475751507
memantine,126.58917835671343,0.007997525473735303
memantine,126.92585170340682,0.007967962159682008
memantine,127.26252505010021,0.00793850812812374
memantine,127.59919839679358,0.007909162975091453
memantine,127.93587174348697,0.007879926298109402
memantine,128.27254509018036,0.007850797696189609
memantine,128.60921843687376,0.007821776769826375
memantine,128.94589178356713,0.007792863120990801
memantine,129.28256513026054,0.007764056353125315
memantine,129.6192384769539,0.00773535607113825
memantine,129.95591182364728,0.00770676188139842
memantine,130.2925851703407,0.007678273391729708
memantine,130.62925851703406,0.007649890211405715
memantine,130.96593186372746,0.007621611951144369
memantine,131.30260521042084,0.007593438223102615
memantine,131.63927855711424,0.007565368640871068
memantine,131.9759519038076,0.007537402819468742
memantine,132.31262525050101,0.007509540375337747
memantine,132.6492985971944,0.007481780926338041
memantine,132.9859719438878,0.0074541240917421776
memantine,133.32264529058116,0.007426569492230102
memantine,133.65931863727454,0.007399116749883927
memantine,133.99599198396794,0.007371765488182767
memantine,134.3326653306613,0.0073445153319975694
memantine,134.66933867735472,0.007317365907585959
memantine,135.0060120240481,0.007290316842587133
memantine,135.3426853707415,0.007263367766016729
memantine,135.67935871743487,0.007236518308261762
memantine,136.01603206412827,0.007209768101075531
memantine,136.35270541082164,0.0071831167775725895
memantine,136.68937875751504,0.0071565639722237
memantine,137.02605210420842,0.007130109320850826
memantine,137.3627254509018,0.007103752460622135
memantine,137.6993987975952,0.007077493030047021
memantine,138.03607214428857,0.007051330668971157
memantine,138.37274549098197,0.007025265018571537
memantine,138.70941883767534,0.006999295721351573
memantine,139.04609218436875,0.006973422421136178
memantine,139.38276553106212,0.006947644763066895
memantine,139.71943887775552,0.0069219623935970085
memantine,140.0561122244489,0.006896374960486723
memantine,140.3927855711423,0.006870882112798307
memantine,140.72945891783567,0.006845483500891299
memantine,141.06613226452905,0.006820178776417694
memantine,141.40280561122245,0.006794967592317183
memantine,141.73947895791582,0.006769849602812386
memantine,142.07615230460922,0.0067448244634041015
memantine,142.4128256513026,0.006719891830866598
memantine,142.749498997996,0.00669505136324289
memantine,143.08617234468937,0.006670302719840065
memantine,143.42284569138278,0.00664564556122459
memantine,143.75951903807615,0.006621079549217677
memantine,144.09619238476955,0.00659660434689063
memantine,144.43286573146293,0.006572219618560234
memantine,144.76953907815633,0.006547925029784139
memantine,145.1062124248497,0.006523720247356292
memantine,145.44288577154308,0.006499604939302342
memantine,145.77955911823648,0.006475578774875109
memantine,146.11623246492985,0.006451641424550037
memantine,146.45290581162325,0.006427792560020675
memantine,146.78957915831663,0.006404031854194179
memantine,147.12625250501003,0.006380358981186819
memantine,147.4629258517034,0.006356773616319518
memantine,147.7995991983968,0.006333275436113385
memantine,148.13627254509018,0.0063098641182852975
memantine,148.47294589178358,0.006286539341743465
memantine,148.80961923847696,0.0062633007865830325
memantine,149.14629258517033,0.006240148134081693
memantine,149.48296593186373,0.006217081066695311
memantine,149.8196392785571,0.006194099268053578
memantine,150.1563126252505,0.0061712024229556624
memantine,150.49298597194388,0.006148390217365889
memantine,150.82965931863728,0.0061256623384094355
memantine,151.16633266533066,0.006103018474368043
memantine,151.50300601202406,0.006080458314675729
memantine,151.83967935871743,0.006057981549914544
memantine,152.17635270541084,0.006035587871810315
memantine,152.5130260521042,0.006013276973228426
memantine,152.84969939879758,0.005991048548169597
memantine,153.18637274549098,0.005968902291765693
memantine,153.52304609218436,0.0059468379002755485
memantine,153.85971943887776,0.005924855071080784
memantine,154.19639278557113,0.005902953502681677
memantine,154.53306613226454,0.005881132894693006
memantine,154.8697394789579,0.005859392947839949
memantine,155.2064128256513,0.005837733363953965
memantine,155.5430861723447,0.005816153845968714
memantine,155.8797595190381,0.0057946540979159755
memantine,156.21643286573146,0.005773233824921598
memantine,156.55310621242486,0.005751892733201441
memantine,156.88977955911824,0.005730630530057363
memantine,157.2264529058116,0.0057094469238731915
memantine,157.56312625250501,0.005688341624110731
memantine,157.8997995991984,0.005667314341305782
memantine,158.2364729458918,0.00564636478706416
memantine,158.57314629258516,0.005625492674057751
memantine,158.90981963927857,0.0056046977160205584
memantine,159.24649298597194,0.005583979627744797
memantine,159.58316633266534,0.005563338125076956
memantine,159.91983967935872,0.005542772924913923
memantine,160.25651302605212,0.0055222837451990876
memantine,160.5931863727455,0.00550187030491848
memantine,160.92985971943887,0.005481532324096916
memantine,161.26653306613227,0.005461269523794151
memantine,161.60320641282564,0.005441081626101064
memantine,161.93987975951904,0.0054209683541358395
memantine,162.27655310621242,0.005400929432040173
memantine,162.61322645290582,0.005380964584975481
memantine,162.9498997995992,0.005361073539119145
memantine,163.2865731462926,0.005341256021660738
memantine,163.62324649298597,0.005321511760798302
memantine,163.95991983967937,0.005301840485734602
memantine,164.29659318637275,0.005282241926673427
memantine,164.63326653306612,0.005262715814815882
memantine,164.96993987975952,0.005243261882356696
memantine,165.3066132264529,0.005223879862480569
memantine,165.6432865731463,0.0052045694893584835
memantine,165.97995991983967,0.005185330498144089
memantine,166.31663326653307,0.00516616262497004
memantine,166.65330661322645,0.005147065606944406
memantine,166.98997995991985,0.005128039182147044
memantine,167.32665330661322,0.005109083089626014
memantine,167.66332665330663,0.005090197069394001
memantine,168.0,0.005071380862424751
