cell_id,step,x,y,replicate
0,0,180,167,0
1,0,94,67,0
2,0,130,65,0
3,0,175,83,0
4,0,192,54,0
5,0,165,63,0
6,0,111,117,0
7,0,184,184,0
8,0,168,129,0
9,0,57,26,0
10,0,138,27,0
11,0,65,183,0
12,0,133,179,0
13,0,80,92,0
14,0,64,161,0
15,0,152,189,0
16,0,33,168,0
17,0,147,142,0
18,0,93,109,0
19,0,142,126,0
20,0,12,181,0
21,0,8,174,0
22,0,30,109,0
23,0,186,180,0
24,0,33,173,0
25,0,138,57,0
26,0,77,113,0
27,0,189,25,0
28,0,61,152,0
29,0,122,67,0
30,0,133,135,0
31,0,37,46,0
32,0,192,179,0
33,0,138,166,0
34,0,127,115,0
35,0,93,16,0
36,0,151,193,0
37,0,141,22,0
38,0,39,140,0
39,0,65,108,0
40,0,40,27,0
41,0,29,181,0
42,0,106,94,0
43,0,69,166,0
44,0,98,95,0
45,0,47,150,0
46,0,39,87,0
47,0,87,191,0
48,0,47,71,0
49,0,59,157,0
0,1,180,167,0
1,1,94,67,0
2,1,130,65,0
3,1,175,83,0
4,1,192,54,0
5,1,165,63,0
6,1,111,117,0
7,1,184,184,0
8,1,168,129,0
9,1,57,26,0
10,1,138,27,0
11,1,65,183,0
12,1,133,179,0
13,1,80,92,0
14,1,64,161,0
15,1,152,189,0
16,1,33,168,0
17,1,147,142,0
18,1,94,107,0
19,1,142,126,0
20,1,12,181,0
21,1,8,174,0
22,1,30,109,0
23,1,186,180,0
24,1,33,173,0
25,1,138,57,0
26,1,77,113,0
27,1,189,25,0
28,1,61,152,0
29,1,122,67,0
30,1,133,135,0
31,1,37,46,0
32,1,192,179,0
33,1,138,166,0
34,1,127,115,0
35,1,93,16,0
36,1,151,193,0
37,1,141,22,0
38,1,39,140,0
39,1,65,108,0
40,1,40,27,0
41,1,29,181,0
42,1,104,96,0
43,1,69,166,0
44,1,99,97,0
45,1,47,150,0
46,1,39,87,0
47,1,87,191,0
48,1,47,71,0
49,1,59,157,0
0,2,180,167,0
1,2,94,67,0
2,2,130,65,0
3,2,175,83,0
4,2,192,54,0
5,2,165,63,0
6,2,111,117,0
7,2,184,184,0
8,2,168,129,0
9,2,57,26,0
10,2,138,27,0
11,2,65,183,0
12,2,133,179,0
13,2,80,92,0
14,2,64,161,0
15,2,152,189,0
16,2,33,168,0
17,2,147,142,0
18,2,95,105,0
19,2,142,126,0
20,2,12,181,0
21,2,8,174,0
22,2,30,109,0
23,2,186,180,0
24,2,33,173,0
25,2,138,57,0
26,2,77,113,0
27,2,189,25,0
28,2,61,152,0
29,2,122,67,0
30,2,133,135,0
31,2,37,46,0
32,2,192,179,0
33,2,138,166,0
34,2,127,115,0
35,2,93,16,0
36,2,151,193,0
37,2,141,22,0
38,2,39,140,0
39,2,65,108,0
40,2,40,27,0
41,2,29,181,0
42,2,102,98,0
43,2,69,166,0
44,2,100,99,0
45,2,47,150,0
46,2,39,87,0
47,2,87,191,0
48,2,47,71,0
49,2,59,157,0
0,3,180,167,0
1,3,94,67,0
2,3,130,65,0
3,3,175,83,0
4,3,192,54,0
5,3,165,63,0
6,3,111,117,0
7,3,184,184,0
8,3,168,129,0
9,3,57,26,0
10,3,138,27,0
11,3,65,183,0
12,3,133,179,0
13,3,80,92,0
14,3,64,161,0
15,3,152,189,0
16,3,33,168,0
17,3,147,142,0
18,3,97,103,0
19,3,142,126,0
20,3,12,181,0
21,3,8,174,0
22,3,30,109,0
23,3,186,180,0
24,3,33,173,0
25,3,138,57,0
26,3,77,113,0
27,3,189,25,0
28,3,61,152,0
29,3,122,67,0
30,3,133,135,0
31,3,37,46,0
32,3,192,179,0
33,3,138,166,0
34,3,127,115,0
35,3,93,16,0
36,3,151,193,0
37,3,141,22,0
38,3,39,140,0
39,3,65,108,0
40,3,40,27,0
41,3,29,181,0
42,3,100,100,0
43,3,69,166,0
44,3,100,101,0
45,3,47,150,0
46,3,39,87,0
47,3,87,191,0
48,3,47,71,0
49,3,59,157,0
0,4,180,167,0
1,4,94,67,0
2,4,130,65,0
3,4,175,83,0
4,4,192,54,0
5,4,165,63,0
6,4,111,117,0
7,4,184,184,0
8,4,168,129,0
9,4,57,26,0
10,4,138,27,0
11,4,65,183,0
12,4,133,179,0
13,4,80,92,0
14,4,64,161,0
15,4,152,189,0
16,4,33,168,0
17,4,147,142,0
18,4,99,101,0
19,4,142,126,0
20,4,12,181,0
21,4,8,174,0
22,4,30,109,0
23,4,186,180,0
24,4,33,173,0
25,4,138,57,0
26,4,77,113,0
27,4,189,25,0
28,4,61,152,0
29,4,122,67,0
30,4,133,135,0
31,4,37,46,0
32,4,192,179,0
33,4,138,166,0
34,4,127,115,0
35,4,93,16,0
36,4,151,193,0
37,4,141,22,0
38,4,39,140,0
39,4,65,108,0
40,4,40,27,0
41,4,29,181,0
42,4,100,100,0
43,4,69,166,0
44,4,100,99,0
45,4,47,150,0
46,4,39,87,0
47,4,87,191,0
48,4,47,71,0
49,4,59,157,0
0,5,180,167,0
1,5,94,67,0
2,5,130,65,0
3,5,175,83,0
4,5,192,54,0
5,5,165,63,0
6,5,111,117,0
7,5,184,184,0
8,5,168,129,0
9,5,57,26,0
10,5,138,27,0
11,5,65,183,0
12,5,133,179,0
13,5,80,92,0
14,5,64,161,0
15,5,152,189,0
16,5,33,168,0
17,5,147,142,0
18,5,101,99,0
19,5,142,126,0
20,5,12,181,0
21,5,8,174,0
22,5,30,109,0
23,5,186,180,0
24,5,33,173,0
25,5,138,57,0
26,5,77,113,0
27,5,189,25,0
28,5,61,152,0
29,5,122,67,0
30,5,133,135,0
31,5,37,46,0
32,5,192,179,0
33,5,138,166,0
34,5,127,115,0
35,5,93,16,0
36,5,151,193,0
37,5,141,22,0
38,5,39,140,0
39,5,65,108,0
40,5,40,27,0
41,5,29,181,0
42,5,100,100,0
43,5,69,166,0
44,5,100,101,0
45,5,47,150,0
46,5,39,87,0
47,5,87,191,0
48,5,47,71,0
49,5,59,157,0
0,6,180,167,0
1,6,94,67,0
2,6,130,65,0
3,6,175,83,0
4,6,192,54,0
5,6,165,63,0
6,6,111,117,0
7,6,184,184,0
8,6,168,129,0
9,6,57,26,0
10,6,138,27,0
11,6,65,183,0
12,6,133,179,0
13,6,80,92,0
14,6,64,161,0
15,6,152,189,0
16,6,33,168,0
17,6,147,142,0
18,6,99,101,0
19,6,142,126,0
20,6,12,181,0
21,6,8,174,0
22,6,30,109,0
23,6,186,180,0
24,6,33,173,0
25,6,138,57,0
26,6,77,113,0
27,6,189,25,0
28,6,61,152,0
29,6,122,67,0
30,6,133,135,0
31,6,37,46,0
32,6,192,179,0
33,6,138,166,0
34,6,127,115,0
35,6,93,16,0
36,6,151,193,0
37,6,141,22,0
38,6,39,140,0
39,6,65,108,0
40,6,40,27,0
41,6,29,181,0
42,6,100,100,0
43,6,69,166,0
44,6,100,99,0
45,6,47,150,0
46,6,39,87,0
47,6,87,191,0
48,6,47,71,0
49,6,59,157,0
0,7,180,167,0
1,7,94,67,0
2,7,130,65,0
3,7,175,83,0
4,7,192,54,0
5,7,165,63,0
6,7,111,117,0
7,7,184,184,0
8,7,168,129,0
9,7,57,26,0
10,7,138,27,0
11,7,65,183,0
12,7,133,179,0
13,7,80,92,0
14,7,64,161,0
15,7,152,189,0
16,7,33,168,0
17,7,147,142,0
18,7,101,99,0
19,7,142,126,0
20,7,12,181,0
21,7,8,174,0
22,7,30,109,0
23,7,186,180,0
24,7,33,173,0
25,7,138,57,0
26,7,77,113,0
27,7,189,25,0
28,7,61,152,0
29,7,122,67,0
30,7,133,135,0
31,7,37,46,0
32,7,192,179,0
33,7,138,166,0
34,7,127,115,0
35,7,93,16,0
36,7,151,193,0
37,7,141,22,0
38,7,39,140,0
39,7,65,108,0
40,7,40,27,0
41,7,29,181,0
42,7,100,100,0
43,7,69,166,0
44,7,100,101,0
45,7,47,150,0
46,7,39,87,0
47,7,87,191,0
48,7,47,71,0
49,7,59,157,0
0,8,180,167,0
1,8,94,67,0
2,8,130,65,0
3,8,175,83,0
4,8,192,54,0
5,8,165,63,0
6,8,111,117,0
7,8,184,184,0
8,8,168,129,0
9,8,57,26,0
10,8,138,27,0
11,8,65,183,0
12,8,133,179,0
13,8,80,92,0
14,8,64,161,0
15,8,152,189,0
16,8,33,168,0
17,8,147,142,0
18,8,99,101,0
19,8,142,126,0
20,8,12,181,0
21,8,8,174,0
22,8,30,109,0
23,8,186,180,0
24,8,33,173,0
25,8,138,57,0
26,8,77,113,0
27,8,189,25,0
28,8,61,152,0
29,8,122,67,0
30,8,133,135,0
31,8,37,46,0
32,8,192,179,0
33,8,138,166,0
34,8,127,115,0
35,8,93,16,0
36,8,151,193,0
37,8,141,22,0
38,8,39,140,0
39,8,65,108,0
40,8,40,27,0
41,8,29,181,0
42,8,100,100,0
43,8,69,166,0
44,8,100,99,0
45,8,47,150,0
46,8,39,87,0
47,8,87,191,0
48,8,47,71,0
49,8,59,157,0
0,9,180,167,0
1,9,94,67,0
2,9,130,65,0
3,9,175,83,0
4,9,192,54,0
5,9,165,63,0
6,9,111,117,0
7,9,184,184,0
8,9,168,129,0
9,9,57,26,0
10,9,138,27,0
11,9,65,183,0
12,9,133,179,0
13,9,80,92,0
14,9,64,161,0
15,9,152,189,0
16,9,33,168,0
17,9,147,142,0
18,9,101,99,0
19,9,142,126,0
20,9,12,181,0
21,9,8,174,0
22,9,30,109,0
23,9,186,180,0
24,9,33,173,0
25,9,138,57,0
26,9,77,113,0
27,9,189,25,0
28,9,61,152,0
29,9,122,67,0
30,9,133,135,0
31,9,37,46,0
32,9,192,179,0
33,9,138,166,0
34,9,127,115,0
35,9,93,16,0
36,9,151,193,0
37,9,141,22,0
38,9,39,140,0
39,9,65,108,0
40,9,40,27,0
41,9,29,181,0
42,9,100,100,0
43,9,69,166,0
44,9,100,101,0
45,9,47,150,0
46,9,39,87,0
47,9,87,191,0
48,9,47,71,0
49,9,59,157,0
0,10,180,167,0
1,10,94,67,0
2,10,130,65,0
3,10,175,83,0
4,10,192,54,0
5,10,165,63,0
6,10,111,117,0
7,10,184,184,0
8,10,168,129,0
9,10,57,26,0
10,10,138,27,0
11,10,65,183,0
12,10,133,179,0
13,10,80,92,0
14,10,64,161,0
15,10,152,189,0
16,10,33,168,0
17,10,147,142,0
18,10,99,101,0
19,10,142,126,0
20,10,12,181,0
21,10,8,174,0
22,10,30,109,0
23,10,186,180,0
24,10,33,173,0
25,10,138,57,0
26,10,77,113,0
27,10,189,25,0
28,10,61,152,0
29,10,122,67,0
30,10,133,135,0
31,10,37,46,0
32,10,192,179,0
33,10,138,166,0
34,10,127,115,0
35,10,93,16,0
36,10,151,193,0
37,10,141,22,0
38,10,39,140,0
39,10,65,108,0
40,10,40,27,0
41,10,29,181,0
42,10,100,100,0
43,10,69,166,0
44,10,100,99,0
45,10,47,150,0
46,10,39,87,0
47,10,87,191,0
48,10,47,71,0
49,10,59,157,0
0,11,180,167,0
1,11,94,67,0
2,11,130,65,0
3,11,175,83,0
4,11,192,54,0
5,11,165,63,0
6,11,111,117,0
7,11,184,184,0
8,11,168,129,0
9,11,57,26,0
10,11,138,27,0
11,11,65,183,0
12,11,133,179,0
13,11,80,92,0
14,11,64,161,0
15,11,152,189,0
16,11,33,168,0
17,11,147,142,0
18,11,101,99,0
19,11,142,126,0
20,11,12,181,0
21,11,8,174,0
22,11,30,109,0
23,11,186,180,0
24,11,33,173,0
25,11,138,57,0
26,11,77,113,0
27,11,189,25,0
28,11,61,152,0
29,11,122,67,0
30,11,133,135,0
31,11,37,46,0
32,11,192,179,0
33,11,138,166,0
34,11,127,115,0
35,11,93,16,0
36,11,151,193,0
37,11,141,22,0
38,11,39,140,0
39,11,65,108,0
40,11,40,27,0
41,11,29,181,0
42,11,100,100,0
43,11,69,166,0
44,11,100,101,0
45,11,47,150,0
46,11,39,87,0
47,11,87,191,0
48,11,47,71,0
49,11,59,157,0
0,12,180,167,0
1,12,94,67,0
2,12,130,65,0
3,12,175,83,0
4,12,192,54,0
5,12,165,63,0
6,12,111,117,0
7,12,184,184,0
8,12,168,129,0
9,12,57,26,0
10,12,138,27,0
11,12,65,183,0
12,12,133,179,0
13,12,80,92,0
14,12,64,161,0
15,12,152,189,0
16,12,33,168,0
17,12,147,142,0
18,12,99,101,0
19,12,142,126,0
20,12,12,181,0
21,12,8,174,0
22,12,30,109,0
23,12,186,180,0
24,12,33,173,0
25,12,138,57,0
26,12,77,113,0
27,12,189,25,0
28,12,61,152,0
29,12,122,67,0
30,12,133,135,0
31,12,37,46,0
32,12,192,179,0
33,12,138,166,0
34,12,127,115,0
35,12,93,16,0
36,12,151,193,0
37,12,141,22,0
38,12,39,140,0
39,12,65,108,0
40,12,40,27,0
41,12,29,181,0
42,12,100,100,0
43,12,69,166,0
44,12,100,99,0
45,12,47,150,0
46,12,39,87,0
47,12,87,191,0
48,12,47,71,0
49,12,59,157,0
0,13,180,167,0
1,13,94,67,0
2,13,130,65,0
3,13,175,83,0
4,13,192,54,0
5,13,165,63,0
6,13,111,117,0
7,13,184,184,0
8,13,168,129,0
9,13,57,26,0
10,13,138,27,0
11,13,65,183,0
12,13,133,179,0
13,13,80,92,0
14,13,64,161,0
15,13,152,189,0
16,13,33,168,0
17,13,147,142,0
18,13,101,99,0
19,13,142,126,0
20,13,12,181,0
21,13,8,174,0
22,13,30,109,0
23,13,186,180,0
24,13,33,173,0
25,13,138,57,0
26,13,77,113,0
27,13,189,25,0
28,13,61,152,0
29,13,122,67,0
30,13,133,135,0
31,13,37,46,0
32,13,192,179,0
33,13,138,166,0
34,13,127,115,0
35,13,93,16,0
36,13,151,193,0
37,13,141,22,0
38,13,39,140,0
39,13,65,108,0
40,13,40,27,0
41,13,29,181,0
42,13,100,100,0
43,13,69,166,0
44,13,100,101,0
45,13,47,150,0
46,13,39,87,0
47,13,87,191,0
48,13,47,71,0
49,13,59,157,0
0,14,180,167,0
1,14,94,67,0
2,14,130,65,0
3,14,175,83,0
4,14,192,54,0
5,14,165,63,0
6,14,111,117,0
7,14,184,184,0
8,14,168,129,0
9,14,57,26,0
10,14,138,27,0
11,14,65,183,0
12,14,133,179,0
13,14,80,92,0
14,14,64,161,0
15,14,152,189,0
16,14,33,168,0
17,14,147,142,0
18,14,99,101,0
19,14,142,126,0
20,14,12,181,0
21,14,8,174,0
22,14,30,109,0
23,14,186,180,0
24,14,33,173,0
25,14,138,57,0
26,14,77,113,0
27,14,189,25,0
28,14,61,152,0
29,14,122,67,0
30,14,133,135,0
31,14,37,46,0
32,14,192,179,0
33,14,138,166,0
34,14,127,115,0
35,14,93,16,0
36,14,151,193,0
37,14,141,22,0
38,14,39,140,0
39,14,65,108,0
40,14,40,27,0
41,14,29,181,0
42,14,100,100,0
43,14,69,166,0
44,14,100,99,0
45,14,47,150,0
46,14,39,87,0
47,14,87,191,0
48,14,47,71,0
49,14,59,157,0
0,15,180,167,0
1,15,94,67,0
2,15,130,65,0
3,15,175,83,0
4,15,192,54,0
5,15,165,63,0
6,15,111,117,0
7,15,184,184,0
8,15,168,129,0
9,15,57,26,0
10,15,138,27,0
11,15,65,183,0
12,15,133,179,0
13,15,80,92,0
14,15,64,161,0
15,15,152,189,0
16,15,33,168,0
17,15,147,142,0
18,15,101,99,0
19,15,142,126,0
20,15,12,181,0
21,15,8,174,0
22,15,30,109,0
23,15,186,180,0
24,15,33,173,0
25,15,138,57,0
26,15,77,113,0
27,15,189,25,0
28,15,61,152,0
29,15,122,67,0
30,15,133,135,0
31,15,37,46,0
32,15,192,179,0
33,15,138,166,0
34,15,127,115,0
35,15,93,16,0
36,15,151,193,0
37,15,141,22,0
38,15,39,140,0
39,15,65,108,0
40,15,40,27,0
41,15,29,181,0
42,15,100,100,0
43,15,69,166,0
44,15,100,101,0
45,15,47,150,0
46,15,39,87,0
47,15,87,191,0
48,15,47,71,0
49,15,59,157,0
0,16,180,167,0
1,16,94,67,0
2,16,130,65,0
3,16,175,83,0
4,16,192,54,0
5,16,165,63,0
6,16,111,117,0
7,16,184,184,0
8,16,168,129,0
9,16,57,26,0
10,16,138,27,0
11,16,65,183,0
12,16,133,179,0
13,16,80,92,0
14,16,64,161,0
15,16,152,189,0
16,16,33,168,0
17,16,147,142,0
18,16,99,101,0
19,16,142,126,0
20,16,12,181,0
21,16,8,174,0
22,16,30,109,0
23,16,186,180,0
24,16,33,173,0
25,16,138,57,0
26,16,77,113,0
27,16,189,25,0
28,16,61,152,0
29,16,122,67,0
30,16,133,135,0
31,16,37,46,0
32,16,192,179,0
33,16,138,166,0
34,16,127,115,0
35,16,93,16,0
36,16,151,193,0
37,16,141,22,0
38,16,39,140,0
39,16,65,108,0
40,16,40,27,0
41,16,29,181,0
42,16,100,100,0
43,16,69,166,0
44,16,100,99,0
45,16,47,150,0
46,16,39,87,0
47,16,87,191,0
48,16,47,71,0
49,16,59,157,0
0,17,180,167,0
1,17,94,67,0
2,17,130,65,0
3,17,175,83,0
4,17,192,54,0
5,17,165,63,0
6,17,111,117,0
7,17,184,184,0
8,17,168,129,0
9,17,57,26,0
10,17,138,27,0
11,17,65,183,0
12,17,133,179,0
13,17,80,92,0
14,17,64,161,0
15,17,152,189,0
16,17,33,168,0
17,17,147,142,0
18,17,101,99,0
19,17,142,126,0
20,17,12,181,0
21,17,8,174,0
22,17,30,109,0
23,17,186,180,0
24,17,33,173,0
25,17,138,57,0
26,17,77,113,0
27,17,189,25,0
28,17,61,152,0
29,17,122,67,0
30,17,133,135,0
31,17,37,46,0
32,17,192,179,0
33,17,138,166,0
34,17,127,115,0
35,17,93,16,0
36,17,151,193,0
37,17,141,22,0
38,17,39,140,0
39,17,65,108,0
40,17,40,27,0
41,17,29,181,0
42,17,100,100,0
43,17,69,166,0
44,17,100,101,0
45,17,47,150,0
46,17,39,87,0
47,17,87,191,0
48,17,47,71,0
49,17,59,157,0
0,18,180,167,0
1,18,94,67,0
2,18,130,65,0
3,18,175,83,0
4,18,192,54,0
5,18,165,63,0
6,18,111,117,0
7,18,184,184,0
8,18,168,129,0
9,18,57,26,0
10,18,138,27,0
11,18,65,183,0
12,18,133,179,0
13,18,80,92,0
14,18,64,161,0
15,18,152,189,0
16,18,33,168,0
17,18,147,142,0
18,18,99,101,0
19,18,142,126,0
20,18,12,181,0
21,18,8,174,0
22,18,30,109,0
23,18,186,180,0
24,18,33,173,0
25,18,138,57,0
26,18,77,113,0
27,18,189,25,0
28,18,61,152,0
29,18,122,67,0
30,18,133,135,0
31,18,37,46,0
32,18,192,179,0
33,18,138,166,0
34,18,127,115,0
35,18,93,16,0
36,18,151,193,0
37,18,141,22,0
38,18,39,140,0
39,18,65,108,0
40,18,40,27,0
41,18,29,181,0
42,18,100,100,0
43,18,69,166,0
44,18,100,99,0
45,18,47,150,0
46,18,39,87,0
47,18,87,191,0
48,18,47,71,0
49,18,59,157,0
0,19,180,167,0
1,19,94,67,0
2,19,130,65,0
3,19,175,83,0
4,19,192,54,0
5,19,165,63,0
6,19,111,117,0
7,19,184,184,0
8,19,168,129,0
9,19,57,26,0
10,19,138,27,0
11,19,65,183,0
12,19,133,179,0
13,19,80,92,0
14,19,64,161,0
15,19,152,189,0
16,19,33,168,0
17,19,147,142,0
18,19,101,99,0
19,19,142,126,0
20,19,12,181,0
21,19,8,174,0
22,19,30,109,0
23,19,186,180,0
24,19,33,173,0
25,19,138,57,0
26,19,77,113,0
27,19,189,25,0
28,19,61,152,0
29,19,122,67,0
30,19,133,135,0
31,19,37,46,0
32,19,192,179,0
33,19,138,166,0
34,19,127,115,0
35,19,93,16,0
36,19,151,193,0
37,19,141,22,0
38,19,39,140,0
39,19,65,108,0
40,19,40,27,0
41,19,29,181,0
42,19,100,100,0
43,19,69,166,0
44,19,100,101,0
45,19,47,150,0
46,19,39,87,0
47,19,87,191,0
48,19,47,71,0
49,19,59,157,0
0,20,180,167,0
1,20,94,67,0
2,20,130,65,0
3,20,175,83,0
4,20,192,54,0
5,20,165,63,0
6,20,111,117,0
7,20,184,184,0
8,20,168,129,0
9,20,57,26,0
10,20,138,27,0
11,20,65,183,0
12,20,133,179,0
13,20,80,92,0
14,20,64,161,0
15,20,152,189,0
16,20,33,168,0
17,20,147,142,0
18,20,99,101,0
19,20,142,126,0
20,20,12,181,0
21,20,8,174,0
22,20,30,109,0
23,20,186,180,0
24,20,33,173,0
25,20,138,57,0
26,20,77,113,0
27,20,189,25,0
28,20,61,152,0
29,20,122,67,0
30,20,133,135,0
31,20,37,46,0
32,20,192,179,0
33,20,138,166,0
34,20,127,115,0
35,20,93,16,0
36,20,151,193,0
37,20,141,22,0
38,20,39,140,0
39,20,65,108,0
40,20,40,27,0
41,20,29,181,0
42,20,100,100,0
43,20,69,166,0
44,20,100,99,0
45,20,47,150,0
46,20,39,87,0
47,20,87,191,0
48,20,47,71,0
49,20,59,157,0
0,21,180,167,0
1,21,94,67,0
2,21,130,65,0
3,21,175,83,0
4,21,192,54,0
5,21,165,63,0
6,21,111,117,0
7,21,184,184,0
8,21,168,129,0
9,21,57,26,0
10,21,138,27,0
11,21,65,183,0
12,21,133,179,0
13,21,80,92,0
14,21,64,161,0
15,21,152,189,0
16,21,33,168,0
17,21,147,142,0
18,21,101,99,0
19,21,142,126,0
20,21,12,181,0
21,21,8,174,0
22,21,30,109,0
23,21,186,180,0
24,21,33,173,0
25,21,138,57,0
26,21,77,113,0
27,21,189,25,0
28,21,61,152,0
29,21,122,67,0
30,21,133,135,0
31,21,37,46,0
32,21,192,179,0
33,21,138,166,0
34,21,127,115,0
35,21,93,16,0
36,21,151,193,0
37,21,141,22,0
38,21,39,140,0
39,21,65,108,0
40,21,40,27,0
41,21,29,181,0
42,21,100,100,0
43,21,69,166,0
44,21,100,101,0
45,21,47,150,0
46,21,39,87,0
47,21,87,191,0
48,21,47,71,0
49,21,59,157,0
0,22,180,167,0
1,22,94,67,0
2,22,130,65,0
3,22,175,83,0
4,22,192,54,0
5,22,165,63,0
6,22,111,117,0
7,22,184,184,0
8,22,168,129,0
9,22,57,26,0
10,22,138,27,0
11,22,65,183,0
12,22,133,179,0
13,22,80,92,0
14,22,64,161,0
15,22,152,189,0
16,22,33,168,0
17,22,147,142,0
18,22,99,101,0
19,22,142,126,0
20,22,12,181,0
21,22,8,174,0
22,22,30,109,0
23,22,186,180,0
24,22,33,173,0
25,22,138,57,0
26,22,77,113,0
27,22,189,25,0
28,22,61,152,0
29,22,122,67,0
30,22,133,135,0
31,22,37,46,0
32,22,192,179,0
33,22,138,166,0
34,22,127,115,0
35,22,93,16,0
36,22,151,193,0
37,22,141,22,0
38,22,39,140,0
39,22,65,108,0
40,22,40,27,0
41,22,29,181,0
42,22,100,100,0
43,22,69,166,0
44,22,100,99,0
45,22,47,150,0
46,22,39,87,0
47,22,87,191,0
48,22,47,71,0
49,22,59,157,0
0,23,180,167,0
1,23,94,67,0
2,23,130,65,0
3,23,175,83,0
4,23,192,54,0
5,23,165,63,0
6,23,111,117,0
7,23,184,184,0
8,23,168,129,0
9,23,57,26,0
10,23,138,27,0
11,23,65,183,0
12,23,133,179,0
13,23,80,92,0
14,23,64,161,0
15,23,152,189,0
16,23,33,168,0
17,23,147,142,0
18,23,101,99,0
19,23,142,126,0
20,23,12,181,0
21,23,8,174,0
22,23,30,109,0
23,23,186,180,0
24,23,33,173,0
25,23,138,57,0
26,23,77,113,0
27,23,189,25,0
28,23,61,152,0
29,23,122,67,0
30,23,133,135,0
31,23,37,46,0
32,23,192,179,0
33,23,138,166,0
34,23,127,115,0
35,23,93,16,0
36,23,151,193,0
37,23,141,22,0
38,23,39,140,0
39,23,65,108,0
40,23,40,27,0
41,23,29,181,0
42,23,100,100,0
43,23,69,166,0
44,23,100,101,0
45,23,47,150,0
46,23,39,87,0
47,23,87,191,0
48,23,47,71,0
49,23,59,157,0
0,24,180,167,0
1,24,94,67,0
2,24,130,65,0
3,24,175,83,0
4,24,192,54,0
5,24,165,63,0
6,24,111,117,0
7,24,184,184,0
8,24,168,129,0
9,24,57,26,0
10,24,138,27,0
11,24,65,183,0
12,24,133,179,0
13,24,80,92,0
14,24,64,161,0
15,24,152,189,0
16,24,33,168,0
17,24,147,142,0
18,24,99,101,0
19,24,142,126,0
20,24,12,181,0
21,24,8,174,0
22,24,30,109,0
23,24,186,180,0
24,24,33,173,0
25,24,138,57,0
26,24,77,113,0
27,24,189,25,0
28,24,61,152,0
29,24,122,67,0
30,24,133,135,0
31,24,37,46,0
32,24,192,179,0
33,24,138,166,0
34,24,127,115,0
35,24,93,16,0
36,24,151,193,0
37,24,141,22,0
38,24,39,140,0
39,24,65,108,0
40,24,40,27,0
41,24,29,181,0
42,24,100,100,0
43,24,69,166,0
44,24,100,99,0
45,24,47,150,0
46,24,39,87,0
47,24,87,191,0
48,24,47,71,0
49,24,59,157,0
0,25,180,167,0
1,25,94,67,0
2,25,130,65,0
3,25,175,83,0
4,25,192,54,0
5,25,165,63,0
6,25,111,117,0
7,25,184,184,0
8,25,168,129,0
9,25,57,26,0
10,25,138,27,0
11,25,65,183,0
12,25,133,179,0
13,25,80,92,0
14,25,64,161,0
15,25,152,189,0
16,25,33,168,0
17,25,147,142,0
18,25,101,99,0
19,25,142,126,0
20,25,12,181,0
21,25,8,174,0
22,25,30,109,0
23,25,186,180,0
24,25,33,173,0
25,25,138,57,0
26,25,77,113,0
27,25,189,25,0
28,25,61,152,0
29,25,122,67,0
30,25,133,135,0
31,25,37,46,0
32,25,192,179,0
33,25,138,166,0
34,25,127,115,0
35,25,93,16,0
36,25,151,193,0
37,25,141,22,0
38,25,39,140,0
39,25,65,108,0
40,25,40,27,0
41,25,29,181,0
42,25,100,100,0
43,25,69,166,0
44,25,100,101,0
45,25,47,150,0
46,25,39,87,0
47,25,87,191,0
48,25,47,71,0
49,25,59,157,0
0,26,180,167,0
1,26,94,67,0
2,26,130,65,0
3,26,175,83,0
4,26,192,54,0
5,26,165,63,0
6,26,111,117,0
7,26,184,184,0
8,26,168,129,0
9,26,57,26,0
10,26,138,27,0
11,26,65,183,0
12,26,133,179,0
13,26,80,92,0
14,26,64,161,0
15,26,152,189,0
16,26,33,168,0
17,26,147,142,0
18,26,99,101,0
19,26,142,126,0
20,26,12,181,0
21,26,8,174,0
22,26,30,109,0
23,26,186,180,0
24,26,33,173,0
25,26,138,57,0
26,26,77,113,0
27,26,189,25,0
28,26,61,152,0
29,26,122,67,0
30,26,133,135,0
31,26,37,46,0
32,26,192,179,0
33,26,138,166,0
34,26,127,115,0
35,26,93,16,0
36,26,151,193,0
37,26,141,22,0
38,26,39,140,0
39,26,65,108,0
40,26,40,27,0
41,26,29,181,0
42,26,100,100,0
43,26,69,166,0
44,26,100,99,0
45,26,47,150,0
46,26,39,87,0
47,26,87,191,0
48,26,47,71,0
49,26,59,157,0
0,27,180,167,0
1,27,94,67,0
2,27,130,65,0
3,27,175,83,0
4,27,192,54,0
5,27,165,63,0
6,27,111,117,0
7,27,184,184,0
8,27,168,129,0
9,27,57,26,0
10,27,138,27,0
11,27,65,183,0
12,27,133,179,0
13,27,80,92,0
14,27,64,161,0
15,27,152,189,0
16,27,33,168,0
17,27,147,142,0
18,27,101,99,0
19,27,142,126,0
20,27,12,181,0
21,27,8,174,0
22,27,30,109,0
23,27,186,180,0
24,27,33,173,0
25,27,138,57,0
26,27,77,113,0
27,27,189,25,0
28,27,61,152,0
29,27,122,67,0
30,27,133,135,0
31,27,37,46,0
32,27,192,179,0
33,27,138,166,0
34,27,127,115,0
35,27,93,16,0
36,27,151,193,0
37,27,141,22,0
38,27,39,140,0
39,27,65,108,0
40,27,40,27,0
41,27,29,181,0
42,27,100,100,0
43,27,69,166,0
44,27,100,101,0
45,27,47,150,0
46,27,39,87,0
47,27,87,191,0
48,27,47,71,0
49,27,59,157,0
0,28,180,167,0
1,28,94,67,0
2,28,130,65,0
3,28,175,83,0
4,28,192,54,0
5,28,165,63,0
6,28,111,117,0
7,28,184,184,0
8,28,168,129,0
9,28,57,26,0
10,28,138,27,0
11,28,65,183,0
12,28,133,179,0
13,28,80,92,0
14,28,64,161,0
15,28,152,189,0
16,28,33,168,0
17,28,147,142,0
18,28,99,101,0
19,28,142,126,0
20,28,12,181,0
21,28,8,174,0
22,28,30,109,0
23,28,186,180,0
24,28,33,173,0
25,28,138,57,0
26,28,77,113,0
27,28,189,25,0
28,28,61,152,0
29,28,122,67,0
30,28,133,135,0
31,28,37,46,0
32,28,192,179,0
33,28,138,166,0
34,28,127,115,0
35,28,93,16,0
36,28,151,193,0
37,28,141,22,0
38,28,39,140,0
39,28,65,108,0
40,28,40,27,0
41,28,29,181,0
42,28,100,100,0
43,28,69,166,0
44,28,100,99,0
45,28,47,150,0
46,28,39,87,0
47,28,87,191,0
48,28,47,71,0
49,28,59,157,0
0,29,180,167,0
1,29,94,67,0
2,29,130,65,0
3,29,175,83,0
4,29,192,54,0
5,29,165,63,0
6,29,111,117,0
7,29,184,184,0
8,29,168,129,0
9,29,57,26,0
10,29,138,27,0
11,29,65,183,0
12,29,133,179,0
13,29,80,92,0
14,29,64,161,0
15,29,152,189,0
16,29,33,168,0
17,29,147,142,0
18,29,101,99,0
19,29,142,126,0
20,29,12,181,0
21,29,8,174,0
22,29,30,109,0
23,29,186,180,0
24,29,33,173,0
25,29,138,57,0
26,29,77,113,0
27,29,189,25,0
28,29,61,152,0
29,29,122,67,0
30,29,133,135,0
31,29,37,46,0
32,29,192,179,0
33,29,138,166,0
34,29,127,115,0
35,29,93,16,0
36,29,151,193,0
37,29,141,22,0
38,29,39,140,0
39,29,65,108,0
40,29,40,27,0
41,29,29,181,0
42,29,100,100,0
43,29,69,166,0
44,29,100,101,0
45,29,47,150,0
46,29,39,87,0
47,29,87,191,0
48,29,47,71,0
49,29,59,157,0
0,30,180,167,0
1,30,94,67,0
2,30,130,65,0
3,30,175,83,0
4,30,192,54,0
5,30,165,63,0
6,30,111,117,0
7,30,184,184,0
8,30,168,129,0
9,30,57,26,0
10,30,138,27,0
11,30,65,183,0
12,30,133,179,0
13,30,80,92,0
14,30,64,161,0
15,30,152,189,0
16,30,33,168,0
17,30,147,142,0
18,30,99,101,0
19,30,142,126,0
20,30,12,181,0
21,30,8,174,0
22,30,30,109,0
23,30,186,180,0
24,30,33,173,0
25,30,138,57,0
26,30,77,113,0
27,30,189,25,0
28,30,61,152,0
29,30,122,67,0
30,30,133,135,0
31,30,37,46,0
32,30,192,179,0
33,30,138,166,0
34,30,127,115,0
35,30,93,16,0
36,30,151,193,0
37,30,141,22,0
38,30,39,140,0
39,30,65,108,0
40,30,40,27,0
41,30,29,181,0
42,30,100,100,0
43,30,69,166,0
44,30,100,99,0
45,30,47,150,0
46,30,39,87,0
47,30,87,191,0
48,30,47,71,0
49,30,59,157,0
0,31,180,167,0
1,31,94,67,0
2,31,130,65,0
3,31,175,83,0
4,31,192,54,0
5,31,165,63,0
6,31,111,117,0
7,31,184,184,0
8,31,168,129,0
9,31,57,26,0
10,31,138,27,0
11,31,65,183,0
12,31,133,179,0
13,31,80,92,0
14,31,64,161,0
15,31,152,189,0
16,31,33,168,0
17,31,147,142,0
18,31,101,99,0
19,31,142,126,0
20,31,12,181,0
21,31,8,174,0
22,31,30,109,0
23,31,186,180,0
24,31,33,173,0
25,31,138,57,0
26,31,77,113,0
27,31,189,25,0
28,31,61,152,0
29,31,122,67,0
30,31,133,135,0
31,31,37,46,0
32,31,192,179,0
33,31,138,166,0
34,31,127,115,0
35,31,93,16,0
36,31,151,193,0
37,31,141,22,0
38,31,39,140,0
39,31,65,108,0
40,31,40,27,0
41,31,29,181,0
42,31,100,100,0
43,31,69,166,0
44,31,100,101,0
45,31,47,150,0
46,31,39,87,0
47,31,87,191,0
48,31,47,71,0
49,31,59,157,0
0,32,180,167,0
1,32,94,67,0
2,32,130,65,0
3,32,175,83,0
4,32,192,54,0
5,32,165,63,0
6,32,111,117,0
7,32,184,184,0
8,32,168,129,0
9,32,57,26,0
10,32,138,27,0
11,32,65,183,0
12,32,133,179,0
13,32,80,92,0
14,32,64,161,0
15,32,152,189,0
16,32,33,168,0
17,32,147,142,0
18,32,99,101,0
19,32,142,126,0
20,32,12,181,0
21,32,8,174,0
22,32,30,109,0
23,32,186,180,0
24,32,33,173,0
25,32,138,57,0
26,32,77,113,0
27,32,189,25,0
28,32,61,152,0
29,32,122,67,0
30,32,133,135,0
31,32,37,46,0
32,32,192,179,0
33,32,138,166,0
34,32,127,115,0
35,32,93,16,0
36,32,151,193,0
37,32,141,22,0
38,32,39,140,0
39,32,65,108,0
40,32,40,27,0
41,32,29,181,0
42,32,100,100,0
43,32,69,166,0
44,32,100,99,0
45,32,47,150,0
46,32,39,87,0
47,32,87,191,0
48,32,47,71,0
49,32,59,157,0
0,33,180,167,0
1,33,94,67,0
2,33,130,65,0
3,33,175,83,0
4,33,192,54,0
5,33,165,63,0
6,33,111,117,0
7,33,184,184,0
8,33,168,129,0
9,33,57,26,0
10,33,138,27,0
11,33,65,183,0
12,33,133,179,0
13,33,80,92,0
14,33,64,161,0
15,33,152,189,0
16,33,33,168,0
17,33,147,142,0
18,33,101,99,0
19,33,142,126,0
20,33,12,181,0
21,33,8,174,0
22,33,30,109,0
23,33,186,180,0
24,33,33,173,0
25,33,138,57,0
26,33,77,113,0
27,33,189,25,0
28,33,61,152,0
29,33,122,67,0
30,33,133,135,0
31,33,37,46,0
32,33,192,179,0
33,33,138,166,0
34,33,127,115,0
35,33,93,16,0
36,33,151,193,0
37,33,141,22,0
38,33,39,140,0
39,33,65,108,0
40,33,40,27,0
41,33,29,181,0
42,33,100,100,0
43,33,69,166,0
44,33,100,101,0
45,33,47,150,0
46,33,39,87,0
47,33,87,191,0
48,33,47,71,0
49,33,59,157,0
0,34,180,167,0
1,34,94,67,0
2,34,130,65,0
3,34,175,83,0
4,34,192,54,0
5,34,165,63,0
6,34,111,117,0
7,34,184,184,0
8,34,168,129,0
9,34,57,26,0
10,34,138,27,0
11,34,65,183,0
12,34,133,179,0
13,34,80,92,0
14,34,64,161,0
15,34,152,189,0
16,34,33,168,0
17,34,147,142,0
18,34,99,101,0
19,34,142,126,0
20,34,12,181,0
21,34,8,174,0
22,34,30,109,0
23,34,186,180,0
24,34,33,173,0
25,34,138,57,0
26,34,77,113,0
27,34,189,25,0
28,34,61,152,0
29,34,122,67,0
30,34,133,135,0
31,34,37,46,0
32,34,192,179,0
33,34,138,166,0
34,34,127,115,0
35,34,93,16,0
36,34,151,193,0
37,34,141,22,0
38,34,39,140,0
39,34,65,108,0
40,34,40,27,0
41,34,29,181,0
42,34,100,100,0
43,34,69,166,0
44,34,100,99,0
45,34,47,150,0
46,34,39,87,0
47,34,87,191,0
48,34,47,71,0
49,34,59,157,0
0,35,180,167,0
1,35,94,67,0
2,35,130,65,0
3,35,175,83,0
4,35,192,54,0
5,35,165,63,0
6,35,111,117,0
7,35,184,184,0
8,35,168,129,0
9,35,57,26,0
10,35,138,27,0
11,35,65,183,0
12,35,133,179,0
13,35,80,92,0
14,35,64,161,0
15,35,152,189,0
16,35,33,168,0
17,35,147,142,0
18,35,101,99,0
19,35,142,126,0
20,35,12,181,0
21,35,8,174,0
22,35,30,109,0
23,35,186,180,0
24,35,33,173,0
25,35,138,57,0
26,35,77,113,0
27,35,189,25,0
28,35,61,152,0
29,35,122,67,0
30,35,133,135,0
31,35,37,46,0
32,35,192,179,0
33,35,138,166,0
34,35,127,115,0
35,35,93,16,0
36,35,151,193,0
37,35,141,22,0
38,35,39,140,0
39,35,65,108,0
40,35,40,27,0
41,35,29,181,0
42,35,100,100,0
43,35,69,166,0
44,35,100,101,0
45,35,47,150,0
46,35,39,87,0
47,35,87,191,0
48,35,47,71,0
49,35,59,157,0
0,36,180,167,0
1,36,94,67,0
2,36,130,65,0
3,36,175,83,0
4,36,192,54,0
5,36,165,63,0
6,36,111,117,0
7,36,184,184,0
8,36,168,129,0
9,36,57,26,0
10,36,138,27,0
11,36,65,183,0
12,36,133,179,0
13,36,80,92,0
14,36,64,161,0
15,36,152,189,0
16,36,33,168,0
17,36,147,142,0
18,36,99,101,0
19,36,142,126,0
20,36,12,181,0
21,36,8,174,0
22,36,30,109,0
23,36,186,180,0
24,36,33,173,0
25,36,138,57,0
26,36,77,113,0
27,36,189,25,0
28,36,61,152,0
29,36,122,67,0
30,36,133,135,0
31,36,37,46,0
32,36,192,179,0
33,36,138,166,0
34,36,127,115,0
35,36,93,16,0
36,36,151,193,0
37,36,141,22,0
38,36,39,140,0
39,36,65,108,0
40,36,40,27,0
41,36,29,181,0
42,36,100,100,0
43,36,69,166,0
44,36,100,99,0
45,36,47,150,0
46,36,39,87,0
47,36,87,191,0
48,36,47,71,0
49,36,59,157,0
0,37,180,167,0
1,37,94,67,0
2,37,130,65,0
3,37,175,83,0
4,37,192,54,0
5,37,165,63,0
6,37,111,117,0
7,37,184,184,0
8,37,168,129,0
9,37,57,26,0
10,37,138,27,0
11,37,65,183,0
12,37,133,179,0
13,37,80,92,0
14,37,64,161,0
15,37,152,189,0
16,37,33,168,0
17,37,147,142,0
18,37,101,99,0
19,37,142,126,0
20,37,12,181,0
21,37,8,174,0
22,37,30,109,0
23,37,186,180,0
24,37,33,173,0
25,37,138,57,0
26,37,77,113,0
27,37,189,25,0
28,37,61,152,0
29,37,122,67,0
30,37,133,135,0
31,37,37,46,0
32,37,192,179,0
33,37,138,166,0
34,37,127,115,0
35,37,93,16,0
36,37,151,193,0
37,37,141,22,0
38,37,39,140,0
39,37,65,108,0
40,37,40,27,0
41,37,29,181,0
42,37,100,100,0
43,37,69,166,0
44,37,100,101,0
45,37,47,150,0
46,37,39,87,0
47,37,87,191,0
48,37,47,71,0
49,37,59,157,0
0,38,180,167,0
1,38,94,67,0
2,38,130,65,0
3,38,175,83,0
4,38,192,54,0
5,38,165,63,0
6,38,111,117,0
7,38,184,184,0
8,38,168,129,0
9,38,57,26,0
10,38,138,27,0
11,38,65,183,0
12,38,133,179,0
13,38,80,92,0
14,38,64,161,0
15,38,152,189,0
16,38,33,168,0
17,38,147,142,0
18,38,99,101,0
19,38,142,126,0
20,38,12,181,0
21,38,8,174,0
22,38,30,109,0
23,38,186,180,0
24,38,33,173,0
25,38,138,57,0
26,38,77,113,0
27,38,189,25,0
28,38,61,152,0
29,38,122,67,0
30,38,133,135,0
31,38,37,46,0
32,38,192,179,0
33,38,138,166,0
34,38,127,115,0
35,38,93,16,0
36,38,151,193,0
37,38,141,22,0
38,38,39,140,0
39,38,65,108,0
40,38,40,27,0
41,38,29,181,0
42,38,100,100,0
43,38,69,166,0
44,38,100,99,0
45,38,47,150,0
46,38,39,87,0
47,38,87,191,0
48,38,47,71,0
49,38,59,157,0
0,39,180,167,0
1,39,94,67,0
2,39,130,65,0
3,39,175,83,0
4,39,192,54,0
5,39,165,63,0
6,39,111,117,0
7,39,184,184,0
8,39,168,129,0
9,39,57,26,0
10,39,138,27,0
11,39,65,183,0
12,39,133,179,0
13,39,80,92,0
14,39,64,161,0
15,39,152,189,0
16,39,33,168,0
17,39,147,142,0
18,39,101,99,0
19,39,142,126,0
20,39,12,181,0
21,39,8,174,0
22,39,30,109,0
23,39,186,180,0
24,39,33,173,0
25,39,138,57,0
26,39,77,113,0
27,39,189,25,0
28,39,61,152,0
29,39,122,67,0
30,39,133,135,0
31,39,37,46,0
32,39,192,179,0
33,39,138,166,0
34,39,127,115,0
35,39,93,16,0
36,39,151,193,0
37,39,141,22,0
38,39,39,140,0
39,39,65,108,0
40,39,40,27,0
41,39,29,181,0
42,39,100,100,0
43,39,69,166,0
44,39,100,101,0
45,39,47,150,0
46,39,39,87,0
47,39,87,191,0
48,39,47,71,0
49,39,59,157,0
0,40,180,167,0
1,40,94,67,0
2,40,130,65,0
3,40,175,83,0
4,40,192,54,0
5,40,165,63,0
6,40,111,117,0
7,40,184,184,0
8,40,168,129,0
9,40,57,26,0
10,40,138,27,0
11,40,65,183,0
12,40,133,179,0
13,40,80,92,0
14,40,64,161,0
15,40,152,189,0
16,40,33,168,0
17,40,147,142,0
18,40,99,101,0
19,40,142,126,0
20,40,12,181,0
21,40,8,174,0
22,40,30,109,0
23,40,186,180,0
24,40,33,173,0
25,40,138,57,0
26,40,77,113,0
27,40,189,25,0
28,40,61,152,0
29,40,122,67,0
30,40,133,135,0
31,40,37,46,0
32,40,192,179,0
33,40,138,166,0
34,40,127,115,0
35,40,93,16,0
36,40,151,193,0
37,40,141,22,0
38,40,39,140,0
39,40,65,108,0
40,40,40,27,0
41,40,29,181,0
42,40,100,100,0
43,40,69,166,0
44,40,100,99,0
45,40,47,150,0
46,40,39,87,0
47,40,87,191,0
48,40,47,71,0
49,40,59,157,0
0,41,180,167,0
1,41,94,67,0
2,41,130,65,0
3,41,175,83,0
4,41,192,54,0
5,41,165,63,0
6,41,111,117,0
7,41,184,184,0
8,41,168,129,0
9,41,57,26,0
10,41,138,27,0
11,41,65,183,0
12,41,133,179,0
13,41,80,92,0
14,41,64,161,0
15,41,152,189,0
16,41,33,168,0
17,41,147,142,0
18,41,101,99,0
19,41,142,126,0
20,41,12,181,0
21,41,8,174,0
22,41,30,109,0
23,41,186,180,0
24,41,33,173,0
25,41,138,57,0
26,41,77,113,0
27,41,189,25,0
28,41,61,152,0
29,41,122,67,0
30,41,133,135,0
31,41,37,46,0
32,41,192,179,0
33,41,138,166,0
34,41,127,115,0
35,41,93,16,0
36,41,151,193,0
37,41,141,22,0
38,41,39,140,0
39,41,65,108,0
40,41,40,27,0
41,41,29,181,0
42,41,100,100,0
43,41,69,166,0
44,41,100,101,0
45,41,47,150,0
46,41,39,87,0
47,41,87,191,0
48,41,47,71,0
49,41,59,157,0
0,42,180,167,0
1,42,94,67,0
2,42,130,65,0
3,42,175,83,0
4,42,192,54,0
5,42,165,63,0
6,42,111,117,0
7,42,184,184,0
8,42,168,129,0
9,42,57,26,0
10,42,138,27,0
11,42,65,183,0
12,42,133,179,0
13,42,80,92,0
14,42,64,161,0
15,42,152,189,0
16,42,33,168,0
17,42,147,142,0
18,42,99,101,0
19,42,142,126,0
20,42,12,181,0
21,42,8,174,0
22,42,30,109,0
23,42,186,180,0
24,42,33,173,0
25,42,138,57,0
26,42,77,113,0
27,42,189,25,0
28,42,61,152,0
29,42,122,67,0
30,42,133,135,0
31,42,37,46,0
32,42,192,179,0
33,42,138,166,0
34,42,127,115,0
35,42,93,16,0
36,42,151,193,0
37,42,141,22,0
38,42,39,140,0
39,42,65,108,0
40,42,40,27,0
41,42,29,181,0
42,42,100,100,0
43,42,69,166,0
44,42,100,99,0
45,42,47,150,0
46,42,39,87,0
47,42,87,191,0
48,42,47,71,0
49,42,59,157,0
0,43,180,167,0
1,43,94,67,0
2,43,130,65,0
3,43,175,83,0
4,43,192,54,0
5,43,165,63,0
6,43,111,117,0
7,43,184,184,0
8,43,168,129,0
9,43,57,26,0
10,43,138,27,0
11,43,65,183,0
12,43,133,179,0
13,43,80,92,0
14,43,64,161,0
15,43,152,189,0
16,43,33,168,0
17,43,147,142,0
18,43,101,99,0
19,43,142,126,0
20,43,12,181,0
21,43,8,174,0
22,43,30,109,0
23,43,186,180,0
24,43,33,173,0
25,43,138,57,0
26,43,77,113,0
27,43,189,25,0
28,43,61,152,0
29,43,122,67,0
30,43,133,135,0
31,43,37,46,0
32,43,192,179,0
33,43,138,166,0
34,43,127,115,0
35,43,93,16,0
36,43,151,193,0
37,43,141,22,0
38,43,39,140,0
39,43,65,108,0
40,43,40,27,0
41,43,29,181,0
42,43,100,100,0
43,43,69,166,0
44,43,100,101,0
45,43,47,150,0
46,43,39,87,0
47,43,87,191,0
48,43,47,71,0
49,43,59,157,0
0,44,180,167,0
1,44,94,67,0
2,44,130,65,0
3,44,175,83,0
4,44,192,54,0
5,44,165,63,0
6,44,111,117,0
7,44,184,184,0
8,44,168,129,0
9,44,57,26,0
10,44,138,27,0
11,44,65,183,0
12,44,133,179,0
13,44,80,92,0
14,44,64,161,0
15,44,152,189,0
16,44,33,168,0
17,44,147,142,0
18,44,99,101,0
19,44,142,126,0
20,44,12,181,0
21,44,8,174,0
22,44,30,109,0
23,44,186,180,0
24,44,33,173,0
25,44,138,57,0
26,44,77,113,0
27,44,189,25,0
28,44,61,152,0
29,44,122,67,0
30,44,133,135,0
31,44,37,46,0
32,44,192,179,0
33,44,138,166,0
34,44,127,115,0
35,44,93,16,0
36,44,151,193,0
37,44,141,22,0
38,44,39,140,0
39,44,65,108,0
40,44,40,27,0
41,44,29,181,0
42,44,100,100,0
43,44,69,166,0
44,44,100,99,0
45,44,47,150,0
46,44,39,87,0
47,44,87,191,0
48,44,47,71,0
49,44,59,157,0
0,45,180,167,0
1,45,94,67,0
2,45,130,65,0
3,45,175,83,0
4,45,192,54,0
5,45,165,63,0
6,45,111,117,0
7,45,184,184,0
8,45,168,129,0
9,45,57,26,0
10,45,138,27,0
11,45,65,183,0
12,45,133,179,0
13,45,80,92,0
14,45,64,161,0
15,45,152,189,0
16,45,33,168,0
17,45,147,142,0
18,45,101,99,0
19,45,142,126,0
20,45,12,181,0
21,45,8,174,0
22,45,30,109,0
23,45,186,180,0
24,45,33,173,0
25,45,138,57,0
26,45,77,113,0
27,45,189,25,0
28,45,61,152,0
29,45,122,67,0
30,45,133,135,0
31,45,37,46,0
32,45,192,179,0
33,45,138,166,0
34,45,127,115,0
35,45,93,16,0
36,45,151,193,0
37,45,141,22,0
38,45,39,140,0
39,45,65,108,0
40,45,40,27,0
41,45,29,181,0
42,45,100,100,0
43,45,69,166,0
44,45,100,101,0
45,45,47,150,0
46,45,39,87,0
47,45,87,191,0
48,45,47,71,0
49,45,59,157,0
0,46,180,167,0
1,46,94,67,0
2,46,130,65,0
3,46,175,83,0
4,46,192,54,0
5,46,165,63,0
6,46,111,117,0
7,46,184,184,0
8,46,168,129,0
9,46,57,26,0
10,46,138,27,0
11,46,65,183,0
12,46,133,179,0
13,46,80,92,0
14,46,64,161,0
15,46,152,189,0
16,46,33,168,0
17,46,147,142,0
18,46,99,101,0
19,46,142,126,0
20,46,12,181,0
21,46,8,174,0
22,46,30,109,0
23,46,186,180,0
24,46,33,173,0
25,46,138,57,0
26,46,77,113,0
27,46,189,25,0
28,46,61,152,0
29,46,122,67,0
30,46,133,135,0
31,46,37,46,0
32,46,192,179,0
33,46,138,166,0
34,46,127,115,0
35,46,93,16,0
36,46,151,193,0
37,46,141,22,0
38,46,39,140,0
39,46,65,108,0
40,46,40,27,0
41,46,29,181,0
42,46,100,100,0
43,46,69,166,0
44,46,100,99,0
45,46,47,150,0
46,46,39,87,0
47,46,87,191,0
48,46,47,71,0
49,46,59,157,0
0,47,180,167,0
1,47,94,67,0
2,47,130,65,0
3,47,175,83,0
4,47,192,54,0
5,47,165,63,0
6,47,111,117,0
7,47,184,184,0
8,47,168,129,0
9,47,57,26,0
10,47,138,27,0
11,47,65,183,0
12,47,133,179,0
13,47,80,92,0
14,47,64,161,0
15,47,152,189,0
16,47,33,168,0
17,47,147,142,0
18,47,101,99,0
19,47,142,126,0
20,47,12,181,0
21,47,8,174,0
22,47,30,109,0
23,47,186,180,0
24,47,33,173,0
25,47,138,57,0
26,47,77,113,0
27,47,189,25,0
28,47,61,152,0
29,47,122,67,0
30,47,133,135,0
31,47,37,46,0
32,47,192,179,0
33,47,138,166,0
34,47,127,115,0
35,47,93,16,0
36,47,151,193,0
37,47,141,22,0
38,47,39,140,0
39,47,65,108,0
40,47,40,27,0
41,47,29,181,0
42,47,100,100,0
43,47,69,166,0
44,47,100,101,0
45,47,47,150,0
46,47,39,87,0
47,47,87,191,0
48,47,47,71,0
49,47,59,157,0
0,48,180,167,0
1,48,94,67,0
2,48,130,65,0
3,48,175,83,0
4,48,192,54,0
5,48,165,63,0
6,48,111,117,0
7,48,184,184,0
8,48,168,129,0
9,48,57,26,0
10,48,138,27,0
11,48,65,183,0
12,48,133,179,0
13,48,80,92,0
14,48,64,161,0
15,48,152,189,0
16,48,33,168,0
17,48,147,142,0
18,48,99,101,0
19,48,142,126,0
20,48,12,181,0
21,48,8,174,0
22,48,30,109,0
23,48,186,180,0
24,48,33,173,0
25,48,138,57,0
26,48,77,113,0
27,48,189,25,0
28,48,61,152,0
29,48,122,67,0
30,48,133,135,0
31,48,37,46,0
32,48,192,179,0
33,48,138,166,0
34,48,127,115,0
35,48,93,16,0
36,48,151,193,0
37,48,141,22,0
38,48,39,140,0
39,48,65,108,0
40,48,40,27,0
41,48,29,181,0
42,48,100,100,0
43,48,69,166,0
44,48,100,99,0
45,48,47,150,0
46,48,39,87,0
47,48,87,191,0
48,48,47,71,0
49,48,59,157,0
0,49,180,167,0
1,49,94,67,0
2,49,130,65,0
3,49,175,83,0
4,49,192,54,0
5,49,165,63,0
6,49,111,117,0
7,49,184,184,0
8,49,168,129,0
9,49,57,26,0
10,49,138,27,0
11,49,65,183,0
12,49,133,179,0
13,49,80,92,0
14,49,64,161,0
15,49,152,189,0
16,49,33,168,0
17,49,147,142,0
18,49,101,99,0
19,49,142,126,0
20,49,12,181,0
21,49,8,174,0
22,49,30,109,0
23,49,186,180,0
24,49,33,173,0
25,49,138,57,0
26,49,77,113,0
27,49,189,25,0
28,49,61,152,0
29,49,122,67,0
30,49,133,135,0
31,49,37,46,0
32,49,192,179,0
33,49,138,166,0
34,49,127,115,0
35,49,93,16,0
36,49,151,193,0
37,49,141,22,0
38,49,39,140,0
39,49,65,108,0
40,49,40,27,0
41,49,29,181,0
42,49,100,100,0
43,49,69,166,0
44,49,100,101,0
45,49,47,150,0
46,49,39,87,0
47,49,87,191,0
48,49,47,71,0
49,49,59,157,0
0,50,180,167,0
1,50,94,67,0
2,50,130,65,0
3,50,175,83,0
4,50,192,54,0
5,50,165,63,0
6,50,111,117,0
7,50,184,184,0
8,50,168,129,0
9,50,57,26,0
10,50,138,27,0
11,50,65,183,0
12,50,133,179,0
13,50,80,92,0
14,50,64,161,0
15,50,152,189,0
16,50,33,168,0
17,50,147,142,0
18,50,99,101,0
19,50,142,126,0
20,50,12,181,0
21,50,8,174,0
22,50,30,109,0
23,50,186,180,0
24,50,33,173,0
25,50,138,57,0
26,50,77,113,0
27,50,189,25,0
28,50,61,152,0
29,50,122,67,0
30,50,133,135,0
31,50,37,46,0
32,50,192,179,0
33,50,138,166,0
34,50,127,115,0
35,50,93,16,0
36,50,151,193,0
37,50,141,22,0
38,50,39,140,0
39,50,65,108,0
40,50,40,27,0
41,50,29,181,0
42,50,100,100,0
43,50,69,166,0
44,50,100,99,0
45,50,47,150,0
46,50,39,87,0
47,50,87,191,0
48,50,47,71,0
49,50,59,157,0
0,51,180,167,0
1,51,94,67,0
2,51,130,65,0
3,51,175,83,0
4,51,192,54,0
5,51,165,63,0
6,51,111,117,0
7,51,184,184,0
8,51,168,129,0
9,51,57,26,0
10,51,138,27,0
11,51,65,183,0
12,51,133,179,0
13,51,80,92,0
14,51,64,161,0
15,51,152,189,0
16,51,33,168,0
17,51,147,142,0
18,51,101,99,0
19,51,142,126,0
20,51,12,181,0
21,51,8,174,0
22,51,30,109,0
23,51,186,180,0
24,51,33,173,0
25,51,138,57,0
26,51,77,113,0
27,51,189,25,0
28,51,61,152,0
29,51,122,67,0
30,51,133,135,0
31,51,37,46,0
32,51,192,179,0
33,51,138,166,0
34,51,127,115,0
35,51,93,16,0
36,51,151,193,0
37,51,141,22,0
38,51,39,140,0
39,51,65,108,0
40,51,40,27,0
41,51,29,181,0
42,51,100,100,0
43,51,69,166,0
44,51,100,101,0
45,51,47,150,0
46,51,39,87,0
47,51,87,191,0
48,51,47,71,0
49,51,59,157,0
0,52,180,167,0
1,52,94,67,0
2,52,130,65,0
3,52,175,83,0
4,52,192,54,0
5,52,165,63,0
6,52,111,117,0
7,52,184,184,0
8,52,168,129,0
9,52,57,26,0
10,52,138,27,0
11,52,65,183,0
12,52,133,179,0
13,52,80,92,0
14,52,64,161,0
15,52,152,189,0
16,52,33,168,0
17,52,147,142,0
18,52,99,101,0
19,52,142,126,0
20,52,12,181,0
21,52,8,174,0
22,52,30,109,0
23,52,186,180,0
24,52,33,173,0
25,52,138,57,0
26,52,77,113,0
27,52,189,25,0
28,52,61,152,0
29,52,122,67,0
30,52,133,135,0
31,52,37,46,0
32,52,192,179,0
33,52,138,166,0
34,52,127,115,0
35,52,93,16,0
36,52,151,193,0
37,52,141,22,0
38,52,39,140,0
39,52,65,108,0
40,52,40,27,0
41,52,29,181,0
42,52,100,100,0
43,52,69,166,0
44,52,100,99,0
45,52,47,150,0
46,52,39,87,0
47,52,87,191,0
48,52,47,71,0
49,52,59,157,0
0,53,180,167,0
1,53,94,67,0
2,53,130,65,0
3,53,175,83,0
4,53,192,54,0
5,53,165,63,0
6,53,111,117,0
7,53,184,184,0
8,53,168,129,0
9,53,57,26,0
10,53,138,27,0
11,53,65,183,0
12,53,133,179,0
13,53,80,92,0
14,53,64,161,0
15,53,152,189,0
16,53,33,168,0
17,53,147,142,0
18,53,101,99,0
19,53,142,126,0
20,53,12,181,0
21,53,8,174,0
22,53,30,109,0
23,53,186,180,0
24,53,33,173,0
25,53,138,57,0
26,53,77,113,0
27,53,189,25,0
28,53,61,152,0
29,53,122,67,0
30,53,133,135,0
31,53,37,46,0
32,53,192,179,0
33,53,138,166,0
34,53,127,115,0
35,53,93,16,0
36,53,151,193,0
37,53,141,22,0
38,53,39,140,0
39,53,65,108,0
40,53,40,27,0
41,53,29,181,0
42,53,100,100,0
43,53,69,166,0
44,53,100,101,0
45,53,47,150,0
46,53,39,87,0
47,53,87,191,0
48,53,47,71,0
49,53,59,157,0
0,54,180,167,0
1,54,94,67,0
2,54,130,65,0
3,54,175,83,0
4,54,192,54,0
5,54,165,63,0
6,54,111,117,0
7,54,184,184,0
8,54,168,129,0
9,54,57,26,0
10,54,138,27,0
11,54,65,183,0
12,54,133,179,0
13,54,80,92,0
14,54,64,161,0
15,54,152,189,0
16,54,33,168,0
17,54,147,142,0
18,54,99,101,0
19,54,142,126,0
20,54,12,181,0
21,54,8,174,0
22,54,30,109,0
23,54,186,180,0
24,54,33,173,0
25,54,138,57,0
26,54,77,113,0
27,54,189,25,0
28,54,61,152,0
29,54,122,67,0
30,54,133,135,0
31,54,37,46,0
32,54,192,179,0
33,54,138,166,0
34,54,127,115,0
35,54,93,16,0
36,54,151,193,0
37,54,141,22,0
38,54,39,140,0
39,54,65,108,0
40,54,40,27,0
41,54,29,181,0
42,54,100,100,0
43,54,69,166,0
44,54,100,99,0
45,54,47,150,0
46,54,39,87,0
47,54,87,191,0
48,54,47,71,0
49,54,59,157,0
0,55,180,167,0
1,55,94,67,0
2,55,130,65,0
3,55,175,83,0
4,55,192,54,0
5,55,165,63,0
6,55,111,117,0
7,55,184,184,0
8,55,168,129,0
9,55,57,26,0
10,55,138,27,0
11,55,65,183,0
12,55,133,179,0
13,55,80,92,0
14,55,64,161,0
15,55,152,189,0
16,55,33,168,0
17,55,147,142,0
18,55,101,99,0
19,55,142,126,0
20,55,12,181,0
21,55,8,174,0
22,55,30,109,0
23,55,186,180,0
24,55,33,173,0
25,55,138,57,0
26,55,77,113,0
27,55,189,25,0
28,55,61,152,0
29,55,122,67,0
30,55,133,135,0
31,55,37,46,0
32,55,192,179,0
33,55,138,166,0
34,55,127,115,0
35,55,93,16,0
36,55,151,193,0
37,55,141,22,0
38,55,39,140,0
39,55,65,108,0
40,55,40,27,0
41,55,29,181,0
42,55,100,100,0
43,55,69,166,0
44,55,100,101,0
45,55,47,150,0
46,55,39,87,0
47,55,87,191,0
48,55,47,71,0
49,55,59,157,0
0,56,180,167,0
1,56,94,67,0
2,56,130,65,0
3,56,175,83,0
4,56,192,54,0
5,56,165,63,0
6,56,111,117,0
7,56,184,184,0
8,56,168,129,0
9,56,57,26,0
10,56,138,27,0
11,56,65,183,0
12,56,133,179,0
13,56,80,92,0
14,56,64,161,0
15,56,152,189,0
16,56,33,168,0
17,56,147,142,0
18,56,99,101,0
19,56,142,126,0
20,56,12,181,0
21,56,8,174,0
22,56,30,109,0
23,56,186,180,0
24,56,33,173,0
25,56,138,57,0
26,56,77,113,0
27,56,189,25,0
28,56,61,152,0
29,56,122,67,0
30,56,133,135,0
31,56,37,46,0
32,56,192,179,0
33,56,138,166,0
34,56,127,115,0
35,56,93,16,0
36,56,151,193,0
37,56,141,22,0
38,56,39,140,0
39,56,65,108,0
40,56,40,27,0
41,56,29,181,0
42,56,100,100,0
43,56,69,166,0
44,56,100,99,0
45,56,47,150,0
46,56,39,87,0
47,56,87,191,0
48,56,47,71,0
49,56,59,157,0
0,57,180,167,0
1,57,94,67,0
2,57,130,65,0
3,57,175,83,0
4,57,192,54,0
5,57,165,63,0
6,57,111,117,0
7,57,184,184,0
8,57,168,129,0
9,57,57,26,0
10,57,138,27,0
11,57,65,183,0
12,57,133,179,0
13,57,80,92,0
14,57,64,161,0
15,57,152,189,0
16,57,33,168,0
17,57,147,142,0
18,57,101,99,0
19,57,142,126,0
20,57,12,181,0
21,57,8,174,0
22,57,30,109,0
23,57,186,180,0
24,57,33,173,0
25,57,138,57,0
26,57,77,113,0
27,57,189,25,0
28,57,61,152,0
29,57,122,67,0
30,57,133,135,0
31,57,37,46,0
32,57,192,179,0
33,57,138,166,0
34,57,127,115,0
35,57,93,16,0
36,57,151,193,0
37,57,141,22,0
38,57,39,140,0
39,57,65,108,0
40,57,40,27,0
41,57,29,181,0
42,57,100,100,0
43,57,69,166,0
44,57,100,101,0
45,57,47,150,0
46,57,39,87,0
47,57,87,191,0
48,57,47,71,0
49,57,59,157,0
0,58,180,167,0
1,58,94,67,0
2,58,130,65,0
3,58,175,83,0
4,58,192,54,0
5,58,165,63,0
6,58,111,117,0
7,58,184,184,0
8,58,168,129,0
9,58,57,26,0
10,58,138,27,0
11,58,65,183,0
12,58,133,179,0
13,58,80,92,0
14,58,64,161,0
15,58,152,189,0
16,58,33,168,0
17,58,147,142,0
18,58,99,101,0
19,58,142,126,0
20,58,12,181,0
21,58,8,174,0
22,58,30,109,0
23,58,186,180,0
24,58,33,173,0
25,58,138,57,0
26,58,77,113,0
27,58,189,25,0
28,58,61,152,0
29,58,122,67,0
30,58,133,135,0
31,58,37,46,0
32,58,192,179,0
33,58,138,166,0
34,58,127,115,0
35,58,93,16,0
36,58,151,193,0
37,58,141,22,0
38,58,39,140,0
39,58,65,108,0
40,58,40,27,0
41,58,29,181,0
42,58,100,100,0
43,58,69,166,0
44,58,100,99,0
45,58,47,150,0
46,58,39,87,0
47,58,87,191,0
48,58,47,71,0
49,58,59,157,0
0,59,180,167,0
1,59,94,67,0
2,59,130,65,0
3,59,175,83,0
4,59,192,54,0
5,59,165,63,0
6,59,111,117,0
7,59,184,184,0
8,59,168,129,0
9,59,57,26,0
10,59,138,27,0
11,59,65,183,0
12,59,133,179,0
13,59,80,92,0
14,59,64,161,0
15,59,152,189,0
16,59,33,168,0
17,59,147,142,0
18,59,101,99,0
19,59,142,126,0
20,59,12,181,0
21,59,8,174,0
22,59,30,109,0
23,59,186,180,0
24,59,33,173,0
25,59,138,57,0
26,59,77,113,0
27,59,189,25,0
28,59,61,152,0
29,59,122,67,0
30,59,133,135,0
31,59,37,46,0
32,59,192,179,0
33,59,138,166,0
34,59,127,115,0
35,59,93,16,0
36,59,151,193,0
37,59,141,22,0
38,59,39,140,0
39,59,65,108,0
40,59,40,27,0
41,59,29,181,0
42,59,100,100,0
43,59,69,166,0
44,59,100,101,0
45,59,47,150,0
46,59,39,87,0
47,59,87,191,0
48,59,47,71,0
49,59,59,157,0
0,60,180,167,0
1,60,94,67,0
2,60,130,65,0
3,60,175,83,0
4,60,192,54,0
5,60,165,63,0
6,60,111,117,0
7,60,184,184,0
8,60,168,129,0
9,60,57,26,0
10,60,138,27,0
11,60,65,183,0
12,60,133,179,0
13,60,80,92,0
14,60,64,161,0
15,60,152,189,0
16,60,33,168,0
17,60,147,142,0
18,60,99,101,0
19,60,142,126,0
20,60,12,181,0
21,60,8,174,0
22,60,30,109,0
23,60,186,180,0
24,60,33,173,0
25,60,138,57,0
26,60,77,113,0
27,60,189,25,0
28,60,61,152,0
29,60,122,67,0
30,60,133,135,0
31,60,37,46,0
32,60,192,179,0
33,60,138,166,0
34,60,127,115,0
35,60,93,16,0
36,60,151,193,0
37,60,141,22,0
38,60,39,140,0
39,60,65,108,0
40,60,40,27,0
41,60,29,181,0
42,60,100,100,0
43,60,69,166,0
44,60,100,99,0
45,60,47,150,0
46,60,39,87,0
47,60,87,191,0
48,60,47,71,0
49,60,59,157,0
