abeta_uM,time_hours,viability_mean,viability_sem,viability_std,calcium_mean,tau_mean,n
0.0,0,0.9899749999999999,0.0024390342674703723,0.010907692843030309,0.098195,0.0,20
0.0,1,0.989765,0.0024391248969984924,0.010908098150601576,0.09958,0.001985,20
0.0,2,0.989355,0.0024348616625569216,0.01088903238657087,0.10047999999999999,0.003925,20
0.0,3,0.9887650000000001,0.002439912369004481,0.010911619832473156,0.10110000000000001,0.0058249999999999994,20
0.0,4,0.987965,0.0024372468829441645,0.010899699416425237,0.10153000000000001,0.00769,20
0.0,5,0.98701,0.002442387744551802,0.010922690048460474,0.10179,0.00949,20
0.0,6,0.985835,0.002447257057454969,0.010944466277770857,0.10198499999999999,0.011260000000000001,20
0.0,7,0.9844899999999999,0.002455261804027384,0.010980264592728021,0.10210999999999999,0.01297,20
0.0,8,0.982985,0.0024668888887571915,0.011032262496399986,0.10221,0.014624999999999999,20
0.0,9,0.9813050000000001,0.0024811656322657792,0.011096110034365057,0.10225999999999999,0.016245000000000002,20
0.0,10,0.9794600000000001,0.0025012565263335786,0.011185959244093742,0.10232000000000001,0.017830000000000002,20
0.0,11,0.9774749999999999,0.002523582197049097,0.011285802678820093,0.10235000000000001,0.01934,20
0.0,12,0.9753149999999999,0.0025487899605808836,0.011398535224455705,0.102375,0.020825,20
0.0,13,0.97301,0.0025820626189968863,0.011547335076476399,0.10239000000000001,0.022255,20
0.0,14,0.97057,0.0026183371581376224,0.011709559747218684,0.10241,0.023655000000000002,20
0.0,15,0.9679800000000001,0.00265916092820748,0.011892129197166689,0.102405,0.025019999999999997,20
0.0,16,0.96526,0.002706856790487913,0.012105431577775765,0.10241,0.026334999999999997,20
0.0,17,0.962415,0.0027612952243086003,0.012348887654999132,0.10242500000000002,0.027610000000000003,20
0.0,18,0.9594150000000001,0.0028204355300108113,0.01261337114251961,0.10243500000000001,0.028865000000000002,20
0.0,19,0.9563050000000001,0.002886962298989972,0.012910887898041337,0.10243500000000001,0.030070000000000003,20
0.0,20,0.9530799999999999,0.0029556422402976282,0.01321803393295052,0.10244,0.031245000000000002,20
0.0,21,0.9497450000000001,0.0030380869586667594,0.013586737922268943,0.10244500000000001,0.032375,20
0.0,22,0.946275,0.0031227423423718656,0.013965328307520822,0.10244500000000001,0.03347,20
0.0,23,0.9427099999999999,0.0032172880047119145,0.014388149363460988,0.10244500000000001,0.034570000000000004,20
0.0,24,0.93903,0.003315800292380011,0.014828709707150771,0.10244500000000001,0.0356,20
0.0,25,0.935225,0.00341899396560481,0.015290205843507832,0.10244500000000001,0.03661,20
0.0,26,0.9313499999999999,0.0035295332925413675,0.015784552741942272,0.10244500000000001,0.03759,20
0.0,27,0.927375,0.003648661434438375,0.016317309988572212,0.10245,0.038545,20
0.0,28,0.923275,0.003775006971063623,0.016882344405667684,0.102455,0.03947,20
0.0,29,0.9191,0.003904059965026964,0.017459486940071507,0.10245,0.04037,20
0.0,30,0.9148350000000001,0.004042454146470408,0.018078404534867462,0.10245,0.041245,20
0.0,31,0.910495,0.004181421786652805,0.018699886715108582,0.10245,0.042085,20
0.0,32,0.906045,0.004327996224096025,0.01935538752688226,0.10245,0.04292,20
0.0,33,0.901535,0.004483069173069529,0.020048894837634466,0.10245,0.043715,20
0.0,34,0.8969250000000001,0.004639741797489209,0.02074955611446586,0.10245,0.044495,20
0.0,35,0.892245,0.004798856634657885,0.02146113929874182,0.10245,0.04525,20
0.0,36,0.8875,0.0049687126364037085,0.022220758431321787,0.10245,0.045985,20
0.0,37,0.88268,0.005140620482720778,0.022989553691782887,0.10245,0.046695,20
0.0,38,0.87776,0.0053208695371695525,0.0237956519690379,0.10245,0.04739,20
0.0,39,0.8728,0.005501310848573421,0.024602610045534445,0.10245,0.048049999999999995,20
0.0,40,0.86776,0.005687731024804731,0.02543630641839584,0.10245,0.048709999999999996,20
0.0,41,0.862665,0.005876529028351057,0.026280636758287516,0.10245,0.04934,20
0.0,42,0.85749,0.006070124857815831,0.027146423627974883,0.10245,0.049955,20
0.0,43,0.852265,0.006270747772919823,0.028043636580008274,0.10245,0.05054499999999999,20
0.0,44,0.84698,0.006471376653346152,0.028940876209774195,0.10245,0.051135,20
0.0,45,0.84163,0.006678177737582076,0.029865718774118557,0.10245,0.0517,20
0.0,46,0.83622,0.006885276434461243,0.03079189230266545,0.10245,0.052239999999999995,20
0.0,47,0.8307650000000001,0.007099485804212195,0.03174986572702646,0.10245,0.052770000000000004,20
0.0,48,0.825255,0.007315727380463487,0.03271692745514564,0.10245,0.053290000000000004,20
0.0,49,0.8196899999999999,0.007539171041964761,0.033716197887662246,0.10245,0.053779999999999994,20
0.0,50,0.8140750000000001,0.0077573356623874,0.03469185973076318,0.10245,0.054279999999999995,20
0.0,51,0.8084149999999999,0.00798254436089673,0.035699023648745415,0.10245,0.05474,20
0.0,52,0.80271,0.008214902696672036,0.036738161716610006,0.10245,0.055200000000000006,20
0.0,53,0.79694,0.008448486005757106,0.03778277803165714,0.10245,0.055654999999999996,20
0.0,54,0.79116,0.008681669739956951,0.038825607393493326,0.10245,0.05608,20
0.0,55,0.785295,0.00891739127241051,0.0398797861341465,0.10245,0.056495,20
0.0,56,0.77941,0.009160239884241137,0.040965838142735966,0.10245,0.056894999999999994,20
0.0,57,0.77348,0.009407028727163761,0.04206951140046298,0.10245,0.0573,20
0.0,58,0.7675099999999999,0.009648495655854988,0.04314938433420635,0.10245,0.057679999999999995,20
0.0,59,0.76151,0.009897628370898812,0.044263539706720506,0.10245,0.058065,20
0.0,60,0.75545,0.010147261751459434,0.04537993412349375,0.10245,0.05843,20
0.0,61,0.749375,0.010402216046795532,0.04652012439454788,0.10245,0.05878,20
0.0,62,0.743255,0.010658639873237506,0.047666886608497605,0.10245,0.059120000000000006,20
0.0,63,0.73711,0.010913431849644828,0.04880635096723422,0.10245,0.059465000000000004,20
0.0,64,0.730925,0.011177123900369474,0.04998561766832747,0.10245,0.059775,20
0.0,65,0.724695,0.011438987982012727,0.05115670944316721,0.10245,0.060094999999999996,20
0.0,66,0.718435,0.01170415642545754,0.05234257877322802,0.10245,0.060419999999999995,20
0.0,67,0.7121649999999999,0.011968208490567175,0.0535234555075967,0.10245,0.060704999999999995,20
0.0,68,0.70586,0.012237574579096437,0.05472809727716601,0.10245,0.060985,20
0.0,69,0.69952,0.012510041440463146,0.05594660612442999,0.10245,0.061265,20
0.0,70,0.6931499999999999,0.01278228523345781,0.05716411737960686,0.10245,0.061529999999999994,20
0.0,71,0.68675,0.013055483824613199,0.058385898621968094,0.10245,0.0618,20
0.0,72,0.68033,0.01333106206532224,0.05961832198065855,0.10245,0.06205499999999999,20
0.0,73,0.673895,0.013607469842932438,0.060854455141150635,0.10245,0.062295,20
0.0,74,0.66742,0.01388916957845023,0.06211425465687363,0.10245,0.06255,20
0.0,75,0.66091,0.014170029342910598,0.06337029770782955,0.10245,0.062795,20
0.0,76,0.654395,0.014453862122739303,0.06463963648770898,0.10245,0.063025,20
0.0,77,0.64785,0.014738182598807409,0.06591115631147577,0.10245,0.06323,20
0.0,78,0.64128,0.015024298915248481,0.06719070737754392,0.10245,0.063455,20
0.0,79,0.6346849999999999,0.015313817762846868,0.06848547502553869,0.10245,0.06367,20
0.0,80,0.62808,0.015601227347130165,0.0697708097612235,0.10245,0.06386,20
0.0,81,0.621455,0.015892004734258173,0.0710712057690995,0.10245,0.06406999999999999,20
0.0,82,0.6148049999999999,0.01618484098258549,0.07238080928417129,0.10245,0.06425,20
0.0,83,0.60813,0.016480015169895928,0.07370086838023007,0.10245,0.06444,20
0.0,84,0.60144,0.016773442982097746,0.07501311744937472,0.10245,0.06462,20
0.0,85,0.59474,0.017071172068416206,0.07634460240114865,0.10245,0.064795,20
0.0,86,0.588025,0.017363220164292224,0.07765068119130497,0.10245,0.064975,20
0.0,87,0.581285,0.0176643951659531,0.07899757674497963,0.10245,0.06512,20
0.0,88,0.57453,0.01796610126702068,0.08034684744740668,0.10245,0.06529,20
0.0,89,0.56773,0.018267074348760886,0.08169283998774408,0.10245,0.06545,20
0.0,90,0.56096,0.018569606463534064,0.08304580473576328,0.10245,0.06559000000000001,20
0.0,91,0.554145,0.01887425910013284,0.08440825274568207,0.10245,0.065745,20
0.0,92,0.547345,0.019177418841466978,0.08576402432501085,0.10245,0.065905,20
0.0,93,0.5404950000000001,0.01948537167237326,0.08714123125255074,0.10245,0.066035,20
0.0,94,0.533655,0.019795111670627964,0.08852643063544714,0.10245,0.06616999999999999,20
0.0,95,0.52679,0.02009941855665953,0.08988733240182284,0.10245,0.06631000000000001,20
0.0,96,0.5199149999999999,0.02040828040797476,0.0912686045922174,0.10245,0.066435,20
0.0,97,0.5130250000000001,0.020715549556336962,0.09264275399847013,0.10245,0.06656,20
0.0,98,0.506125,0.021029297702065686,0.09404587836179801,0.10245,0.066685,20
0.0,99,0.499205,0.021342900304809856,0.09544835183711164,0.10245,0.06679500000000001,20
0.0,100,0.49228500000000003,0.021656855332543936,0.09685240140489412,0.10245,0.0669,20
0.3,0,0.991295,0.002693427429092804,0.012045373647828005,0.10232,0.0,20
0.3,1,0.9910650000000001,0.0026914511347089953,0.012036535390656525,0.11316,0.002275,20
0.3,2,0.9905849999999999,0.0026865872991193598,0.012014783656636904,0.120465,0.004605,20
0.3,3,0.989875,0.0026804052619745894,0.011987136746046607,0.125495,0.00698,20
0.3,4,0.9889150000000001,0.0026743152099379104,0.011959901205365562,0.129145,0.00936,20
0.3,5,0.9877,0.0026634959219634215,0.011911515878607367,0.13167500000000001,0.011725,20
0.3,6,0.9862249999999999,0.002653625870984435,0.011867375668746566,0.133365,0.01404,20
0.3,7,0.9845649999999999,0.002640556908963276,0.011808929493797225,0.13469,0.016335,20
0.3,8,0.98264,0.0026309433969385855,0.01176593656101779,0.13555,0.018564999999999998,20
0.3,9,0.98051,0.002622763709083267,0.01172935588485935,0.136245,0.020755,20
0.3,10,0.97814,0.002613511451144447,0.01168797852946622,0.13663,0.02288,20
0.3,11,0.97557,0.0026015390181886376,0.011634436181575692,0.13708,0.024954999999999998,20
0.3,12,0.972785,0.002599172692263929,0.011623853650326584,0.13733,0.026975,20
0.3,13,0.9698,0.002598238269532483,0.011619674784832099,0.137415,0.02894,20
0.3,14,0.96661,0.002597568701284863,0.011616680384597605,0.13775500000000002,0.03086,20
0.3,15,0.963245,0.00260501010201092,0.011649959340340174,0.13777999999999999,0.03272,20
0.3,16,0.95967,0.0026188999297615903,0.011712076538432708,0.137635,0.034515000000000004,20
0.3,17,0.9559300000000001,0.0026417806992931683,0.011814402450532913,0.137785,0.03629,20
0.3,18,0.9520099999999999,0.0026728646174391042,0.011953413958495626,0.13792500000000002,0.037989999999999996,20
0.3,19,0.947925,0.0027087565121481968,0.01211392739131719,0.13784000000000002,0.039639999999999995,20
0.3,20,0.94366,0.002757548491724219,0.012332131757494745,0.138045,0.04124,20
0.3,21,0.9392400000000001,0.0028141596857396154,0.012585304713706466,0.1379,0.0428,20
0.3,22,0.93467,0.0028869041877890036,0.012910628016850055,0.13786,0.044315,20
0.3,23,0.92996,0.002970968298649269,0.013286574149553325,0.13787,0.045785,20
0.3,24,0.92508,0.0030617040318991254,0.013692356684623272,0.137815,0.04722,20
0.3,25,0.920055,0.003162231681981306,0.014141930003027391,0.13792,0.048604999999999995,20
0.3,26,0.9149200000000001,0.003275624488471424,0.01464903804997015,0.13798,0.049955,20
0.3,27,0.909615,0.0034036224897352483,0.015221462513590186,0.137845,0.05125999999999999,20
0.3,28,0.9042049999999999,0.003534458009518944,0.015806576745805916,0.13748,0.05252,20
0.3,29,0.898635,0.0036841500840906673,0.016476020054676598,0.13762000000000002,0.053759999999999995,20
0.3,30,0.8929750000000001,0.0038400512263578766,0.017173231158435283,0.13752,0.05494,20
0.3,31,0.8871800000000001,0.0040072933508791195,0.017921160676697242,0.137565,0.056105,20
0.3,32,0.8812749999999999,0.004184771106109187,0.018714865327074285,0.137595,0.05722000000000001,20
0.3,33,0.87525,0.004370532305289478,0.019545614664972275,0.137795,0.058320000000000004,20
0.3,34,0.869135,0.004567264959527344,0.020425429841511935,0.137865,0.059385,20
0.3,35,0.86288,0.0047699751737189065,0.021331977478843696,0.13806000000000002,0.06042499999999999,20
0.3,36,0.8565400000000001,0.004983601530071032,0.02228734358802159,0.137985,0.061435,20
0.3,37,0.8501,0.005199453412568835,0.02325266255269433,0.13801000000000002,0.062405,20
0.3,38,0.8435599999999999,0.005427747424601033,0.024273624412214652,0.138015,0.06337000000000001,20
0.3,39,0.8369099999999999,0.005662168544963929,0.02532198753320085,0.13804,0.064295,20
0.3,40,0.83019,0.005903811881898179,0.02640264938859058,0.138125,0.06517999999999999,20
0.3,41,0.82337,0.006148098122697443,0.02749513066938065,0.13814500000000002,0.06606,20
0.3,42,0.816455,0.006402135642851819,0.02863122099718197,0.13808499999999999,0.066915,20
0.3,43,0.809455,0.006662659003731168,0.029796316886487834,0.13796999999999998,0.06773,20
0.3,44,0.8023899999999999,0.006924791085581382,0.030968607194689055,0.138065,0.06854,20
0.3,45,0.7952250000000001,0.007198113331027496,0.03219094143584985,0.137805,0.0693,20
0.3,46,0.787995,0.007475061960665578,0.03342949336014219,0.13769499999999998,0.070055,20
0.3,47,0.780685,0.007758510692001056,0.03469711462294661,0.13772,0.070785,20
0.3,48,0.773295,0.008046619018667342,0.03598557422956565,0.13781000000000002,0.071475,20
0.3,49,0.765845,0.008339561628640605,0.03729565340837849,0.13776,0.07217,20
0.3,50,0.758335,0.008635606445653402,0.03861960607883269,0.13793,0.07284500000000001,20
0.3,51,0.7507349999999999,0.008935574304872337,0.03996110312738998,0.13768,0.07348,20
0.3,52,0.74309,0.009242735127200115,0.041334768084889256,0.13765,0.074105,20
0.3,53,0.73537,0.009554158918061753,0.04272749761724386,0.137675,0.074715,20
0.3,54,0.7275750000000001,0.009869554127933564,0.0441379878753462,0.137585,0.0753,20
0.3,55,0.7197549999999999,0.01018801275751893,0.04556217816289483,0.13755,0.075865,20
0.3,56,0.7118599999999999,0.010512850282042047,0.047014895735847724,0.137605,0.07643,20
0.3,57,0.7039150000000001,0.010838652263761248,0.048471926492504244,0.137675,0.07697,20
0.3,58,0.69591,0.011171643850203491,0.04996111013894497,0.137695,0.0775,20
0.3,59,0.687855,0.011507129311865755,0.051461446734424425,0.137735,0.07801,20
0.3,60,0.6797500000000001,0.011846697296804086,0.05298004092903388,0.13765,0.07851,20
0.3,61,0.671585,0.012188284441691493,0.05450766508145049,0.13787,0.07899500000000001,20
0.3,62,0.66338,0.012533963543319534,0.056053589020733215,0.13782,0.07947,20
0.3,63,0.6551400000000001,0.0128819792529597,0.057609962588719706,0.137785,0.079915,20
0.3,64,0.646825,0.01323535710253331,0.05919031637549828,0.13787,0.08036499999999999,20
0.3,65,0.638485,0.013588782670779757,0.06077088356666937,0.13776,0.08079499999999999,20
0.3,66,0.63009,0.013945972631250173,0.06236828563165399,0.13776,0.081205,20
0.3,67,0.621655,0.014312183758859736,0.06400603158255766,0.13784000000000002,0.08161500000000001,20
0.3,68,0.6131949999999999,0.014677014745584515,0.06563760535578751,0.137855,0.08201,20
0.3,69,0.604665,0.015045262018673069,0.06728445722609737,0.13776,0.08241000000000001,20
0.3,70,0.59612,0.015414741065138366,0.0689368177544138,0.13783499999999999,0.082785,20
0.3,71,0.587535,0.015788683947355258,0.07060914116309215,0.137615,0.08313000000000001,20
0.3,72,0.5789150000000001,0.016164492072050035,0.07228980618972063,0.13766499999999998,0.083485,20
0.3,73,0.5702499999999999,0.01654233404902324,0.0739795668802506,0.137805,0.08381999999999999,20
0.3,74,0.561575,0.0169261163434996,0.07569589347827056,0.137775,0.08415500000000001,20
0.3,75,0.552845,0.017308659948434085,0.07740668048825323,0.13779,0.084485,20
0.3,76,0.54408,0.01769562776804663,0.0791372531877703,0.13786,0.08479,20
0.3,77,0.535285,0.01808488941077606,0.08087808417612276,0.13779,0.0851,20
0.3,78,0.526465,0.0184775258582448,0.08263400775009105,0.13772,0.0854,20
0.3,79,0.5176149999999999,0.018868254144824428,0.08438139776913917,0.13794,0.08568,20
0.3,80,0.5087349999999999,0.01926087973478612,0.08613727278685979,0.13783,0.08597,20
0.3,81,0.49983000000000005,0.019661486665426317,0.08792884144519783,0.137825,0.08625000000000001,20
0.3,82,0.49089,0.02006006624851316,0.08971134352964923,0.13766,0.086505,20
0.3,83,0.48191500000000004,0.020459734878922293,0.09149871598178735,0.13794,0.086755,20
0.3,84,0.472935,0.020864918019186378,0.093310750071722,0.13789,0.08701,20
0.3,85,0.46392500000000003,0.021272846387379675,0.09513506119418356,0.13788499999999998,0.08724499999999999,20
0.3,86,0.45488,0.021679499897125705,0.09695367097634557,0.137735,0.08748,20
0.3,87,0.44582,0.022089612467116035,0.0987877501461966,0.137735,0.0877,20
0.3,88,0.436735,0.022500002660818554,0.10062307088703286,0.1377,0.08793500000000001,20
0.3,89,0.42763999999999996,0.02291321659516276,0.10247101977992043,0.137845,0.08816,20
0.3,90,0.41850000000000004,0.023329605090618454,0.10433316574169603,0.13792500000000002,0.08837500000000001,20
0.3,91,0.40935499999999997,0.023745087552896848,0.10619125979992299,0.138075,0.08857,20
0.3,92,0.40016999999999997,0.02416152999250973,0.1080536470073035,0.13805,0.08876,20
0.3,93,0.390985,0.024584803045570116,0.10994658164667725,0.137955,0.08897000000000001,20
0.3,94,0.38176,0.025001555109527424,0.11181035353622104,0.13791,0.08915999999999999,20
0.3,95,0.372545,0.02542693502960984,0.11371271037135647,0.13799,0.089335,20
0.3,96,0.36328499999999997,0.025852962036343758,0.11561796106597205,0.13787,0.08952,20
0.3,97,0.354025,0.026279733911774756,0.11752654291466966,0.137605,0.08969,20
0.3,98,0.34474499999999997,0.02670805760045971,0.11944206468321567,0.13774,0.08986,20
0.3,99,0.335455,0.027133914955079254,0.12134655667051074,0.13772,0.09001,20
0.3,100,0.32620499999999997,0.027517377739013922,0.12306145437394919,0.1378,0.09016500000000001,20
0.65,0,0.9936999999999999,0.0018410380367150406,0.008233372398515171,0.095305,0.0,20
0.65,1,0.99346,0.0018389127222356182,0.008223867703216044,0.12032000000000001,0.0024149999999999996,20
0.65,2,0.992915,0.0018347131569869557,0.008205086676472156,0.13805499999999998,0.005095000000000001,20
0.65,3,0.9921049999999999,0.0018284516745913206,0.008177084475919036,0.150095,0.007955,20
0.65,4,0.99096,0.001821543590648212,0.008146190585336933,0.15865,0.01091,20
0.65,5,0.9895400000000001,0.0018128111348197052,0.008107137855650802,0.16458,0.013874999999999998,20
0.65,6,0.9878,0.001802001810852529,0.00805879708928795,0.169055,0.01686,20
0.65,7,0.9857699999999999,0.0017910905234403704,0.008010000328536698,0.171935,0.0198,20
0.65,8,0.9834099999999999,0.0017777114205452024,0.007950167161433581,0.17444500000000002,0.022735,20
0.65,9,0.98078,0.0017702007022696036,0.007916578208185384,0.17568,0.025585000000000004,20
0.65,10,0.977845,0.0017661655611730387,0.00789853250860396,0.17641,0.02837,20
0.65,11,0.974625,0.0017647256384343045,0.00789209297835164,0.176975,0.031085,20
0.65,12,0.97116,0.001767743134472226,0.007905587630876896,0.177945,0.033755,20
0.65,13,0.9674099999999999,0.0017851418932251205,0.007983397245468073,0.177975,0.03634,20
0.65,14,0.96341,0.0018161251405990153,0.008121958540051512,0.17819000000000002,0.038845000000000005,20
0.65,15,0.95914,0.0018602405051073667,0.00831924844783723,0.17806,0.041265,20
0.65,16,0.954645,0.0019174746961893184,0.008575207531630139,0.178435,0.04365,20
0.65,17,0.9499000000000001,0.0019916007843467326,0.008906709475682381,0.178235,0.045950000000000005,20
0.65,18,0.9449249999999999,0.002079079692657561,0.009297927046843348,0.17853,0.04819,20
0.65,19,0.9397449999999999,0.0021887688801073336,0.009788472005912166,0.178525,0.050375,20
0.65,20,0.9343199999999999,0.002312399073188755,0.010341363037515145,0.17887,0.05249,20
0.65,21,0.9287050000000001,0.0024581922647600872,0.010993370011535431,0.178915,0.05455,20
0.65,22,0.922865,0.002616016205888963,0.011699180133217621,0.17905500000000002,0.05655,20
0.65,23,0.91683,0.00279030369975064,0.012478617501023184,0.179,0.058495,20
0.65,24,0.910595,0.0029790008480414317,0.013322496802500321,0.178915,0.060375,20
0.65,25,0.9041750000000001,0.0031845918105779265,0.014241927538082757,0.179005,0.0622,20
0.65,26,0.8975899999999999,0.0034030783278177945,0.01521902894751382,0.179325,0.06399,20
0.65,27,0.8908099999999999,0.0036332159163386985,0.01624823553173504,0.17885,0.06573,20
0.65,28,0.8838649999999999,0.0038754441171642714,0.017331512977961937,0.17904,0.06739,20
0.65,29,0.8767400000000001,0.0041254116222059056,0.01844940164484017,0.179305,0.06904,20
0.65,30,0.869455,0.004392825939738805,0.019645314829160734,0.179085,0.07060999999999999,20
0.65,31,0.8620150000000001,0.004667340474538277,0.020872981150407414,0.17909,0.072165,20
0.65,32,0.85441,0.004952303557569527,0.022147374799879015,0.178655,0.073645,20
0.65,33,0.8466799999999999,0.005247032243889971,0.023465441554942443,0.17871,0.075085,20
0.65,34,0.83879,0.005551300938092187,0.024826172522264968,0.17867,0.07649,20
0.65,35,0.8307650000000001,0.005864066646242942,0.026224903291176854,0.179045,0.077855,20
0.65,36,0.82258,0.00618533324635149,0.02766165120466276,0.17861500000000002,0.07918,20
0.65,37,0.8142949999999999,0.006514701895672105,0.02913463258373916,0.17851,0.080455,20
0.65,38,0.805855,0.006854355031272953,0.03065360758368803,0.178385,0.081685,20
0.65,39,0.797315,0.007201890376838569,0.03220783289822525,0.17887,0.08288999999999999,20
0.65,40,0.788645,0.007553979345177509,0.033782422632892516,0.17863,0.08409,20
0.65,41,0.7798499999999999,0.00791075051333377,0.035377951801711355,0.1786,0.085225,20
0.65,42,0.77094,0.008280091532674845,0.03702969505396273,0.1789,0.086345,20
0.65,43,0.7619100000000001,0.008654992170631015,0.03870630167651883,0.1789,0.087425,20
0.65,44,0.7528,0.009035427348411418,0.04040765951361721,0.17899,0.088475,20
0.65,45,0.74356,0.009425548706629901,0.04215233526651936,0.179225,0.089515,20
0.65,46,0.734235,0.009824366257852006,0.04393590157682462,0.17915,0.09048500000000001,20
0.65,47,0.7247899999999999,0.010225597138656756,0.045730260625127715,0.17918499999999998,0.091475,20
0.65,48,0.7152649999999999,0.010633935932713372,0.047556407227849457,0.179285,0.092405,20
0.65,49,0.70564,0.011046903352714302,0.049403253675079015,0.178675,0.093305,20
0.65,50,0.6959150000000001,0.011470787324421338,0.05129892042569811,0.17831,0.09418,20
0.65,51,0.686115,0.011894554868775702,0.05319406649736711,0.178455,0.09503500000000001,20
0.65,52,0.6762349999999999,0.012326845490101757,0.05512732892800849,0.17840499999999998,0.095855,20
0.65,53,0.6662600000000001,0.012762517900394685,0.05707571517868082,0.17866500000000002,0.09666,20
0.65,54,0.6562,0.013208356605214982,0.05906956648063811,0.17887,0.097435,20
0.65,55,0.646075,0.013655056659290031,0.06106726985356737,0.17906,0.09820999999999999,20
0.65,56,0.635865,0.014105966029718734,0.06308379786150783,0.17926999999999998,0.09896,20
0.65,57,0.62558,0.014565515511140109,0.06513896562047376,0.179365,0.09968,20
0.65,58,0.61522,0.015026069626520856,0.06719862623909102,0.17909,0.10038,20
0.65,59,0.604795,0.01549477581740307,0.06929474404766624,0.17886,0.10107,20
0.65,60,0.5943050000000001,0.01596570085988612,0.07140078486226442,0.178695,0.10172,20
0.65,61,0.5837399999999999,0.016444142134094918,0.0735404392870094,0.178655,0.102355,20
0.65,62,0.5731200000000001,0.016922702907166173,0.07568062812691377,0.17855000000000001,0.102975,20
0.65,63,0.562435,0.017407668115245252,0.07784945847088807,0.17843499999999998,0.10357000000000001,20
0.65,64,0.551675,0.017895747620447062,0.08003221637499949,0.178655,0.104155,20
0.65,65,0.5408850000000001,0.018391538779672856,0.08224946184434409,0.17853,0.104725,20
0.65,66,0.530025,0.01888682341433335,0.08446444206696808,0.17863,0.10527,20
0.65,67,0.5191,0.01938994856267437,0.08671448613272846,0.17892999999999998,0.10581499999999999,20
0.65,68,0.50814,0.019895716809615605,0.08897635049477148,0.17927500000000002,0.106335,20
0.65,69,0.497105,0.020403777352812836,0.09124846631732042,0.17896499999999999,0.10684500000000001,20
0.65,70,0.48604,0.020911952512731487,0.09352109472143029,0.17887,0.107345,20
0.65,71,0.47491000000000005,0.0214276382027364,0.09582731123718001,0.17927500000000002,0.10783000000000001,20
0.65,72,0.46373499999999995,0.02195094324193214,0.09816760251839976,0.179345,0.10830500000000001,20
0.65,73,0.45248999999999995,0.02247200468887549,0.10049786015003921,0.17928,0.108765,20
0.65,74,0.44123,0.022999464639078242,0.10285673275816323,0.179475,0.10921499999999999,20
0.65,75,0.42991999999999997,0.023530028519006582,0.10522948656201483,0.179285,0.10965499999999999,20
0.65,76,0.41856,0.024063010924172436,0.1076130563395392,0.17925,0.11007499999999999,20
0.65,77,0.407165,0.024600882820059844,0.1100184925843211,0.178775,0.11048499999999999,20
0.65,78,0.395725,0.025144292933094444,0.1124486964891335,0.17857499999999998,0.11085,20
0.65,79,0.384245,0.0256860319147648,0.11487142686728637,0.178945,0.11125,20
0.65,80,0.37273,0.026233746948298643,0.11732088296184685,0.17905,0.11161000000000001,20
0.65,81,0.361165,0.026784625671612827,0.1197844875072245,0.178775,0.111975,20
0.65,82,0.34959,0.02733575920985088,0.12224923161958502,0.178545,0.11232500000000001,20
0.65,83,0.337955,0.02789433679082548,0.12474726650311821,0.178875,0.11265499999999999,20
0.65,84,0.326805,0.02813761621126835,0.12583524514639224,0.17858000000000002,0.11296999999999999,20
0.65,85,0.316035,0.028147246546649896,0.12587831331551075,0.17897000000000002,0.113285,20
0.65,86,0.30524,0.028173143613246847,0.125994128518168,0.178595,0.113605,20
0.65,87,0.294415,0.028218133657371164,0.12619533011211337,0.17845,0.113895,20
0.65,88,0.28355,0.028277231402481284,0.12645962326287974,0.17896499999999999,0.114195,20
0.65,89,0.27267,0.028360871024408922,0.12683367102336493,0.179155,0.11448499999999999,20
0.65,90,0.26176499999999997,0.0284626452103177,0.12728881901945832,0.179375,0.11478,20
0.65,91,0.25083500000000003,0.02858276742061644,0.12782602187512937,0.179075,0.115045,20
0.65,92,0.239875,0.028722650034424056,0.1284515959418177,0.178995,0.11530499999999999,20
0.65,93,0.228885,0.028880741420538352,0.12915860211383523,0.178935,0.115565,20
0.65,94,0.21788500000000002,0.029058317293803648,0.1299527455614054,0.178925,0.11581999999999999,20
0.65,95,0.206865,0.0292508175999092,0.13081363310168842,0.17882,0.116045,20
0.65,96,0.19581500000000002,0.02946646378780281,0.13177803217212608,0.17909,0.116285,20
0.65,97,0.184755,0.02969447447714278,0.13279772697404757,0.178585,0.1165,20
0.65,98,0.17416,0.02978875750487439,0.13321937349231233,0.17885500000000001,0.11673,20
0.65,99,0.164185,0.029707272080648606,0.1328549595968238,0.178945,0.11693500000000001,20
0.65,100,0.154875,0.029468654957428918,0.1317878313805945,0.178945,0.11714,20
1.0,0,0.99245,0.0020324020012627555,0.009089178064860289,0.09851,0.0,20
1.0,1,0.992165,0.002035646476907859,0.009103687801047868,0.13498,0.0027099999999999997,20
1.0,2,0.99156,0.0020386192437658953,0.009116982418599519,0.16051500000000002,0.00583,20
1.0,3,0.99061,0.0020443619516792235,0.009142664589137818,0.17817,0.00924,20
1.0,4,0.9892899999999999,0.0020507367097293513,0.009171173373818198,0.190605,0.012775,20
1.0,5,0.987595,0.0020620438889606568,0.009221740616608128,0.19984,0.016415,20
1.0,6,0.985525,0.0020730840869532877,0.009271113883001246,0.20560499999999998,0.02006,20
1.0,7,0.98308,0.0020930788201518873,0.009360533048249353,0.209505,0.023655000000000002,20
1.0,8,0.980285,0.0021164179643917216,0.00946490887436326,0.21253000000000002,0.027229999999999997,20
1.0,9,0.9771000000000001,0.002149675618124256,0.009613641623399402,0.21481,0.03074,20
1.0,10,0.9735949999999999,0.00218832398015131,0.009786482352822416,0.21683,0.034199999999999994,20
1.0,11,0.96972,0.0022486557387868316,0.010056294179844693,0.21732,0.037555,20
1.0,12,0.9654999999999999,0.0023135186234505725,0.010346369818494437,0.21805,0.040834999999999996,20
1.0,13,0.960975,0.002403647173950893,0.010749436949758903,0.21855000000000002,0.044025,20
1.0,14,0.956105,0.0025025615823959678,0.011191795632233688,0.21932000000000001,0.047145,20
1.0,15,0.950935,0.0026203382164180777,0.011718508751902756,0.21922000000000003,0.05015000000000001,20
1.0,16,0.94547,0.002757822367471538,0.01233335656707154,0.21966000000000002,0.053110000000000004,20
1.0,17,0.9397,0.002911366110879727,0.013020025062632536,0.219985,0.055979999999999995,20
1.0,18,0.9336399999999999,0.003087166986089349,0.013806230477577881,0.219875,0.058755,20
1.0,19,0.92731,0.003281518422604804,0.01467539652472443,0.21993000000000001,0.06146,20
1.0,20,0.9207150000000001,0.0034872947968303454,0.01559565644658795,0.22003500000000004,0.064085,20
1.0,21,0.9138299999999999,0.003719048406868563,0.01663209009874081,0.2197,0.066625,20
1.0,22,0.90672,0.003963833869799342,0.01772680396877477,0.21986499999999998,0.06910000000000001,20
1.0,23,0.8993500000000001,0.004228079693517713,0.01890854721798415,0.220125,0.0715,20
1.0,24,0.8917299999999999,0.004505920666482221,0.020151089822950812,0.21980499999999997,0.07383999999999999,20
1.0,25,0.883905,0.004797874940780389,0.021456749030255476,0.2193,0.076095,20
1.0,26,0.87583,0.0051060804825949265,0.022835086115334358,0.219225,0.07829,20
1.0,27,0.867525,0.005430764582208329,0.024287117551232133,0.21917999999999999,0.08041000000000001,20
1.0,28,0.85904,0.005769490536661931,0.025801946071035656,0.21877,0.082455,20
1.0,29,0.85032,0.006116722548623737,0.027354814836456867,0.219585,0.084475,20
1.0,30,0.8414300000000001,0.006478105229804547,0.028970967318479736,0.219735,0.08641,20
1.0,31,0.832315,0.006852388269793241,0.030644811958959725,0.219575,0.08831,20
1.0,32,0.82304,0.0072381496617793,0.03236998935011127,0.21936,0.09015,20
1.0,33,0.81354,0.007636134321004382,0.03414983085416999,0.21913999999999997,0.091925,20
1.0,34,0.803895,0.008043900844085143,0.03597341818328462,0.21968000000000001,0.093655,20
1.0,35,0.794065,0.008460920302686996,0.03783838589803245,0.21973000000000004,0.09536,20
1.0,36,0.78406,0.008891975684792853,0.039766124170944134,0.21955999999999998,0.09698999999999999,20
1.0,37,0.77391,0.009327638331437666,0.041714466757254695,0.22039,0.0986,20
1.0,38,0.763585,0.009778231125687733,0.043729578993484126,0.220335,0.100155,20
1.0,39,0.753095,0.010235375896216127,0.0457739925584042,0.220455,0.101675,20
1.0,40,0.74247,0.010704197651782271,0.04787062718795754,0.22033,0.103145,20
1.0,41,0.7316900000000001,0.01118021725615101,0.04999945157593968,0.21998,0.10456000000000001,20
1.0,42,0.7207749999999999,0.011666553351580025,0.05217441271452188,0.21938,0.10593,20
1.0,43,0.7097100000000001,0.012158795603443451,0.05437578698765028,0.219585,0.10726500000000001,20
1.0,44,0.69851,0.012659452262201052,0.05661479163239008,0.220255,0.10858000000000001,20
1.0,45,0.6872,0.013172571183293994,0.05890952920860043,0.220435,0.109845,20
1.0,46,0.67574,0.013691555984005536,0.061230499795960826,0.220525,0.11109,20
1.0,47,0.664165,0.014217456421781747,0.06358239805248983,0.219935,0.11229,20
1.0,48,0.6524599999999999,0.014754225799660528,0.06598290368684427,0.22026500000000002,0.11345000000000001,20
1.0,49,0.64066,0.015292389576105115,0.06838964526116047,0.22006,0.11457999999999999,20
1.0,50,0.628745,0.01584192385147049,0.07084723725252659,0.220275,0.11568,20
1.0,51,0.61669,0.016399467096605044,0.07334064644556,0.21979,0.11674,20
1.0,52,0.6045499999999999,0.016962009408024004,0.07585641214266528,0.21961,0.11776,20
1.0,53,0.59231,0.017530771292366548,0.0783999926154669,0.219925,0.11875,20
1.0,54,0.579985,0.01810866508928224,0.08098441224282478,0.219775,0.119725,20
1.0,55,0.56751,0.018690071808597372,0.08358454213675234,0.21939000000000003,0.120665,20
1.0,56,0.554995,0.019279167206025644,0.08621905684451608,0.21989999999999998,0.12158500000000001,20
1.0,57,0.542365,0.01987420342660569,0.08888013972109914,0.22016,0.122475,20
1.0,58,0.52965,0.020474124234210717,0.09156306713494199,0.22008,0.12336,20
1.0,59,0.51684,0.02108233907925379,0.09428308661182361,0.22042,0.12420500000000001,20
1.0,60,0.503945,0.021696438556883742,0.097029422965679,0.22026500000000002,0.125005,20
1.0,61,0.49098499999999995,0.022311848722619394,0.09978162089493763,0.22064,0.12583,20
1.0,62,0.47793,0.022937959919381624,0.1025816752898058,0.22075999999999998,0.126615,20
1.0,63,0.46479499999999996,0.02356696893959849,0.10539468914513674,0.22075499999999998,0.127375,20
1.0,64,0.45158499999999996,0.024197437092429958,0.10821422843989652,0.22029,0.128105,20
1.0,65,0.438295,0.024839134524925952,0.11108398659999275,0.21964999999999998,0.12881499999999999,20
1.0,66,0.424955,0.025481379656732212,0.11395619414586695,0.2202,0.129505,20
1.0,67,0.41153500000000004,0.02613274642142145,0.11686919487412548,0.21972,0.13016,20
1.0,68,0.39804500000000004,0.026785417748233245,0.11978802978155777,0.21928,0.13079000000000002,20
1.0,69,0.38451,0.02744495821783934,0.12273758442946049,0.218895,0.13141,20
1.0,70,0.37090999999999996,0.02810959088994359,0.12570991209924537,0.21909499999999998,0.131995,20
1.0,71,0.35722,0.028776880888730975,0.12869412369523406,0.21897000000000003,0.132575,20
1.0,72,0.343495,0.029448873157782426,0.1316993644831408,0.21893500000000002,0.13313,20
1.0,73,0.33021,0.029830527369758227,0.1334061740068948,0.21932000000000001,0.133685,20
1.0,74,0.317465,0.029884415296799423,0.13364716814295607,0.21939000000000003,0.13423000000000002,20
1.0,75,0.304685,0.02996537148372926,0.13400921521730472,0.218895,0.13473,20
1.0,76,0.29186,0.03007274373563998,0.13448939852564393,0.21962500000000001,0.135235,20
1.0,77,0.278975,0.03020331793816176,0.13507334411153699,0.219115,0.135725,20
1.0,78,0.266035,0.030361877303965456,0.1357824431523496,0.219815,0.136215,20
1.0,79,0.25307,0.030546427218080242,0.13660777545875447,0.220465,0.1367,20
1.0,80,0.24005,0.0307503953761488,0.1375199487921279,0.22098,0.13718,20
1.0,81,0.226995,0.030981983283158206,0.13855564139780774,0.220795,0.13764,20
1.0,82,0.21424500000000002,0.03110430117067075,0.13910266362049215,0.220795,0.13809,20
1.0,83,0.20202,0.03106471903013212,0.13892564690661352,0.219985,0.13851,20
1.0,84,0.18973,0.03106126636859889,0.13891020613483032,0.21988500000000002,0.138935,20
1.0,85,0.178265,0.030834697027690636,0.13789695723905396,0.21986,0.13931,20
1.0,86,0.166795,0.03063670783725404,0.1370115226618012,0.22013,0.13972,20
1.0,87,0.156435,0.0301638065402893,0.13489664376847926,0.220365,0.1401,20
1.0,88,0.146835,0.02953346921625308,0.13207768955787866,0.22033999999999998,0.14047,20
1.0,89,0.138425,0.028619142356306315,0.12798869553288886,0.22038000000000002,0.14082,20
1.0,90,0.13025,0.02767945894284101,0.12378630355321392,0.220675,0.14118999999999998,20
1.0,91,0.12210499999999999,0.026766145619341413,0.11970184220101122,0.220185,0.14152,20
1.0,92,0.11467000000000001,0.02571031750709799,0.11498003533794808,0.220255,0.141845,20
1.0,93,0.10723,0.02468642296784547,0.11040103975482916,0.22005500000000003,0.142165,20
1.0,94,0.09997,0.0236583101011485,0.10580317923787595,0.22025999999999998,0.14247,20
1.0,95,0.093245,0.022537654427762958,0.10079145470775419,0.22023,0.142775,20
1.0,96,0.08651,0.021448187139684962,0.0959192088769447,0.220015,0.14307,20
1.0,97,0.07977000000000001,0.020398759121187014,0.09122602410323609,0.22083,0.14336500000000002,20
1.0,98,0.07300999999999999,0.019390924219986606,0.08671884940487427,0.220845,0.14366,20
1.0,99,0.066235,0.01843547392079223,0.08244594576863201,0.220715,0.14393,20
1.0,100,0.05946,0.017542856395875665,0.0784540388413899,0.221075,0.14422,20
2.0,0,0.9916600000000001,0.002770164350055026,0.012388551591139076,0.096025,0.0,20
2.0,1,0.991325,0.0027617488261873816,0.012350916224270462,0.16685,0.003335,20
2.0,2,0.990535,0.0027516145977837902,0.012305594577050568,0.21747,0.007595,20
2.0,3,0.98925,0.0027364450622929335,0.012237754351961257,0.25297000000000003,0.01245,20
2.0,4,0.987425,0.0027198672084458374,0.012163615935715024,0.27753,0.01765,20
2.0,5,0.98505,0.0026969524711382936,0.012061138115102536,0.29366,0.02302,20
2.0,6,0.9821249999999999,0.0026814653790320276,0.011991877733655707,0.30766,0.02851,20
2.0,7,0.978595,0.0026716393055476934,0.011947934197129985,0.31772999999999996,0.03405,20
2.0,8,0.97453,0.0026715174083576333,0.011947389056323433,0.32423,0.039555,20
2.0,9,0.969895,0.0026869124816805124,0.012016237917260598,0.328965,0.045,20
2.0,10,0.9647,0.002721493398079348,0.01217088847684465,0.331375,0.050339999999999996,20
2.0,11,0.95898,0.002779110043085549,0.012428557946583318,0.33293,0.055555,20
2.0,12,0.952745,0.0028656814657525855,0.012815717118568055,0.33616,0.060685,20
2.0,13,0.94597,0.0029892271488410533,0.013368230209992964,0.33689,0.06568,20
2.0,14,0.938705,0.003146238146371665,0.014070404737379931,0.336775,0.07053000000000001,20
2.0,15,0.93097,0.0033426439267520906,0.014948758089588995,0.33648500000000003,0.07522,20
2.0,16,0.9227550000000001,0.0035775577894482866,0.015999324821280497,0.338025,0.079815,20
2.0,17,0.9140599999999999,0.0038519810350956894,0.017226582885027927,0.33885,0.0843,20
2.0,18,0.904935,0.004156391875299135,0.01858794954859338,0.33781500000000003,0.08863499999999999,20
2.0,19,0.89538,0.004497090287355992,0.020111599166964103,0.3397,0.09287,20
2.0,20,0.8853899999999999,0.004869620648793692,0.021777605590678664,0.33992,0.096995,20
2.0,21,0.875,0.005276546917106021,0.023597435186232012,0.33833,0.10095000000000001,20
2.0,22,0.8642150000000001,0.005710038597897013,0.02553606891809063,0.33782999999999996,0.10481,20
2.0,23,0.853025,0.006173508236600029,0.027608768153385026,0.33885,0.108575,20
2.0,24,0.84149,0.0066584963530973386,0.02977770094692017,0.33903,0.11221999999999999,20
2.0,25,0.82957,0.007174164539659324,0.032083839184893465,0.33859,0.11576,20
2.0,26,0.8173,0.007714995650986257,0.03450250944344103,0.33702,0.11915499999999998,20
2.0,27,0.804695,0.008274591657916611,0.037005098866308456,0.33752499999999996,0.12248,20
2.0,28,0.79174,0.008856859963951818,0.03960908189318521,0.33943500000000004,0.12574000000000002,20
2.0,29,0.7784800000000001,0.009464847984432765,0.04232808697978707,0.339475,0.1289,20
2.0,30,0.764905,0.010092353736733983,0.04513437801662238,0.33838,0.131965,20
2.0,31,0.75101,0.010735687902358288,0.04801145586979051,0.337735,0.13491,20
2.0,32,0.736815,0.011404145772019652,0.051000890343105516,0.33887,0.1378,20
2.0,33,0.72233,0.012086038269533637,0.05405040629868228,0.338685,0.1406,20
2.0,34,0.70758,0.012792357093202176,0.05720916010570336,0.339155,0.14334,20
2.0,35,0.69255,0.01351196253617317,0.060427333480627364,0.337575,0.14596499999999998,20
2.0,36,0.67726,0.014248612859540138,0.06372173387801883,0.339225,0.14855000000000002,20
2.0,37,0.6617,0.015007413957248281,0.06711519554977254,0.33891499999999997,0.151045,20
2.0,38,0.64591,0.015775598912644538,0.07055062310888989,0.337005,0.153435,20
2.0,39,0.6298600000000001,0.016566426734116266,0.07408731264350761,0.33752499999999996,0.155755,20
2.0,40,0.613595,0.017366038355304148,0.07766328452465744,0.337995,0.15803,20
2.0,41,0.5970850000000001,0.01818693758399722,0.08133445748072715,0.3372,0.160225,20
2.0,42,0.5803849999999999,0.019018139920944727,0.08505170733766977,0.33723000000000003,0.16235,20
2.0,43,0.56344,0.019863414398812385,0.08883188972198523,0.338185,0.164435,20
2.0,44,0.54631,0.020725441903739063,0.09268699392096641,0.337915,0.16647499999999998,20
2.0,45,0.528965,0.021598261717335636,0.09659036279158767,0.33744,0.16842,20
2.0,46,0.511425,0.02248630796846453,0.10056182636096381,0.336415,0.1703,20
2.0,47,0.4936999999999999,0.023383500705907105,0.1045741942606452,0.33655,0.17212,20
2.0,48,0.47578000000000004,0.024296180769824708,0.10865582358990246,0.335565,0.17387999999999998,20
2.0,49,0.457705,0.025216081413298643,0.11276974433260947,0.33655,0.175605,20
2.0,50,0.439445,0.02614909425320804,0.11694230460044458,0.335495,0.17726999999999998,20
2.0,51,0.42105,0.02709696186116191,0.12118129741055451,0.336035,0.17887,20
2.0,52,0.40245499999999995,0.02804813857694622,0.12543508900077194,0.336715,0.18045,20
2.0,53,0.38371,0.029017103758409723,0.12976843302793753,0.33882500000000004,0.182035,20
2.0,54,0.364795,0.029998342476140066,0.1341566659779371,0.33921999999999997,0.183595,20
2.0,55,0.34643,0.030572219157439753,0.13672312051811325,0.34030499999999997,0.18512,20
2.0,56,0.328775,0.0306651292401612,0.13713862703963384,0.33892500000000003,0.18656,20
2.0,57,0.31099,0.03081122821652078,0.13779200152480015,0.340415,0.18802000000000002,20
2.0,58,0.293075,0.03100583635636837,0.13866231558414813,0.34130000000000005,0.18942,20
2.0,59,0.27502499999999996,0.0312508137788779,0.13975788792351618,0.34015,0.190775,20
2.0,60,0.256865,0.0315478194050005,0.1410861374629362,0.33923000000000003,0.192075,20
2.0,61,0.238585,0.031892539364328815,0.14262777198745435,0.339125,0.19333499999999998,20
2.0,62,0.22089499999999998,0.0320279010559954,0.14323312787568604,0.33716,0.1945,20
2.0,63,0.20372500000000002,0.03200030334971349,0.14310970718114716,0.336845,0.19566,20
2.0,64,0.187035,0.03186559708575345,0.14250728245472782,0.336835,0.19677,20
2.0,65,0.172395,0.0311494305726445,0.1393044884416866,0.338165,0.19785999999999998,20
2.0,66,0.15866,0.030231480977703742,0.13519929305327474,0.336835,0.19892,20
2.0,67,0.14545,0.029238198248902156,0.1307571976483211,0.3364,0.199925,20
2.0,68,0.13328,0.028050352845139796,0.12544499150917443,0.336345,0.200895,20
2.0,69,0.121735,0.02676710105118241,0.11970611502209991,0.33694,0.20185,20
2.0,70,0.110125,0.025569259786951824,0.11434920603595213,0.337405,0.20278999999999997,20
2.0,71,0.098465,0.02447108204757091,0.1094380058826866,0.33830499999999997,0.20371999999999998,20
2.0,72,0.087435,0.02335085400782457,0.1044281937883383,0.339025,0.20465,20
2.0,73,0.07677500000000001,0.022259881158948856,0.0995492148849529,0.33886,0.20553,20
2.0,74,0.06661500000000001,0.021206599363852455,0.09483879549835578,0.33821,0.20639,20
2.0,75,0.05811500000000001,0.02000503656977149,0.08946524332475654,0.33798,0.20722999999999997,20
2.0,76,0.05036499999999999,0.01880313422222336,0.08409017262188817,0.338625,0.20802,20
2.0,77,0.044925,0.017370010264215374,0.0776810474413093,0.339605,0.20884,20
2.0,78,0.040065,0.01589580923752514,0.07108822002495062,0.339775,0.20963500000000002,20
2.0,79,0.03519,0.014472600064659388,0.06472343511149248,0.33882500000000004,0.21038,20
2.0,80,0.0303,0.013112499059254394,0.05864087850278973,0.3387,0.21110500000000001,20
2.0,81,0.02556,0.011821112691416061,0.05286562309538362,0.33859,0.211815,20
2.0,82,0.021525,0.010536542614309398,0.04712085106683832,0.33838,0.21249500000000002,20
2.0,83,0.01747,0.009348979961246546,0.04180990942726125,0.336125,0.21309499999999998,20
2.0,84,0.01419,0.008200407242775716,0.03667333607605625,0.33786,0.213735,20
2.0,85,0.011845,0.007022064754831917,0.03140362826841912,0.33703000000000005,0.214335,20
2.0,86,0.009495,0.005885139514511373,0.02631914402303508,0.336955,0.21491500000000002,20
2.0,87,0.007145,0.004820130348750682,0.02155627824043259,0.33652000000000004,0.215485,20
2.0,88,0.004935,0.0038763403454397825,0.01733552103265674,0.336115,0.21600000000000003,20
2.0,89,0.0034000000000000002,0.0030056087919964427,0.013441491145350143,0.336125,0.21654,20
2.0,90,0.00224,0.00224,0.010017584539199058,0.33613,0.217035,20
2.0,91,0.00148,0.00148,0.006618761213399378,0.33565,0.21749999999999997,20
2.0,92,0.000715,0.0007149999999999999,0.0031975772078246993,0.33494999999999997,0.217945,20
2.0,93,0.0,0.0,0.0,0.335075,0.21838000000000002,20
2.0,94,0.0,0.0,0.0,0.33608,0.218825,20
2.0,95,0.0,0.0,0.0,0.33771,0.2193,20
2.0,96,0.0,0.0,0.0,0.33801000000000003,0.219765,20
2.0,97,0.0,0.0,0.0,0.338275,0.22022499999999998,20
2.0,98,0.0,0.0,0.0,0.338725,0.22067,20
2.0,99,0.0,0.0,0.0,0.33822,0.22111,20
2.0,100,0.0,0.0,0.0,0.33726,0.22148500000000002,20
